ClaimID,PolicyNumber,Name,ClaimAmount,AttachedDocs,EligibilityStatus,Reason
C1001,P1001,Allison Hill,5618,"Bill.pdf, ClaimForm.pdf, ID.pdf",Not Eligible,Claim Exceeds Limit
C1002,P1002,Noah Rhodes,7914,"Bill.pdf, ClaimForm.pdf",Not Eligible,Missing Required Documents
C1003,P1003,Angie Henderson,14845,"ClaimForm.pdf, Bill.pdf",Not Eligible,Missing Required Documents
C1004,P1004,Daniel Wagner,7550,"ID.pdf, ClaimForm.pdf",Not Eligible,Missing Required Documents
C1005,P1005,Cristian Santos,8912,"ID.pdf, ClaimForm.pdf, Bill.pdf",Not Eligible,Policy Inactive
C1006,P1006,Connie Lawrence,3538,"ID.pdf, Bill.pdf, ClaimForm.pdf",Eligible,All Checks Passed
C1007,P1007,Abigail Shaffer,9708,"ClaimForm.pdf, ID.pdf",Not Eligible,Claim Exceeds Limit
C1008,P1008,Gina Moore,5430,"ID.pdf, Bill.pdf, ClaimForm.pdf",Eligible,All Checks Passed
C1009,P1009,Gabrielle Davis,12032,"ClaimForm.pdf, ID.pdf",Not Eligible,Claim Exceeds Limit
C1010,P1010,Ryan Munoz,19477,"ClaimForm.pdf, Bill.pdf",Not Eligible,Claim Exceeds Limit
C1011,P1011,Monica Herrera,7982,"ClaimForm.pdf, ID.pdf",Not Eligible,Missing Required Documents
C1012,P1012,Jamie Arnold,6694,"Bill.pdf, ID.pdf, ClaimForm.pdf",Eligible,All Checks Passed
C1013,P1013,Lisa Hensley,5052,"Bill.pdf, ID.pdf",Not Eligible,Policy Inactive
C1014,P1014,Michele Williams,5050,"Bill.pdf, ClaimForm.pdf, ID.pdf",Eligible,All Checks Passed
C1015,P1015,Dylan Miller,12696,"ClaimForm.pdf, ID.pdf",Not Eligible,Claim Exceeds Limit
C1016,P1016,Brian Ramirez,12234,"ClaimForm.pdf, Bill.pdf",Not Eligible,Claim Exceeds Limit
C1017,P1017,Holly Wood,3744,"Bill.pdf, ClaimForm.pdf, ID.pdf",Not Eligible,Policy Inactive
C1018,P1018,Derek Zuniga,13127,"ID.pdf, Bill.pdf",Not Eligible,Claim Exceeds Limit
C1019,P1019,Lisa Jackson,12899,"ClaimForm.pdf, ID.pdf, Bill.pdf",Eligible,All Checks Passed
C1020,P1020,Carla Gray,10430,"Bill.pdf, ClaimForm.pdf",Not Eligible,Claim Exceeds Limit
C1021,P1021,Margaret Hawkins DDS,8179,"ID.pdf, Bill.pdf, ClaimForm.pdf",Not Eligible,Policy Inactive
C1022,P1022,Patty Perez,6342,"Bill.pdf, ClaimForm.pdf, ID.pdf",Eligible,All Checks Passed
C1023,P1023,Ethan Adams,14769,"Bill.pdf, ID.pdf, ClaimForm.pdf",Not Eligible,Policy Inactive
C1024,P1024,Tommy Walter,5142,"Bill.pdf, ClaimForm.pdf, ID.pdf",Eligible,All Checks Passed
C1025,P1025,Matthew Foster,10921,"ClaimForm.pdf, ID.pdf, Bill.pdf",Not Eligible,Policy Inactive
C1026,P1026,Judy Baker,7061,"ClaimForm.pdf, Bill.pdf",Not Eligible,Policy Inactive
C1027,P1027,Justin Baker,12509,"Bill.pdf, ID.pdf, ClaimForm.pdf",Eligible,All Checks Passed
C1028,P1028,Stephanie Ross,8233,"Bill.pdf, ID.pdf, ClaimForm.pdf",Eligible,All Checks Passed
C1029,P1029,Zachary Hicks,5610,"Bill.pdf, ID.pdf, ClaimForm.pdf",Eligible,All Checks Passed
C1030,P1030,Anthony Rodriguez,13110,"ClaimForm.pdf, Bill.pdf, ID.pdf",Not Eligible,Policy Inactive
C1031,P1031,Rebecca Henderson,11281,"ClaimForm.pdf, Bill.pdf, ID.pdf",Not Eligible,Claim Exceeds Limit
C1032,P1032,James Ferrell,3797,"ID.pdf, Bill.pdf",Not Eligible,Missing Required Documents
C1033,P1033,Tricia Valencia,12789,"ID.pdf, ClaimForm.pdf, Bill.pdf",Not Eligible,Claim Exceeds Limit
C1034,P1034,Nathan Maldonado,10060,"ID.pdf, Bill.pdf",Not Eligible,Missing Required Documents
C1035,P1035,Debra Davidson,9606,"ClaimForm.pdf, ID.pdf, Bill.pdf",Not Eligible,Claim Exceeds Limit
C1036,P1036,Jeffrey Chavez,9378,"Bill.pdf, ID.pdf, ClaimForm.pdf",Eligible,All Checks Passed
C1037,P1037,Sherri Baker,15659,"Bill.pdf, ID.pdf, ClaimForm.pdf",Not Eligible,Claim Exceeds Limit
C1038,P1038,Cassandra Gaines,5108,"ID.pdf, Bill.pdf",Not Eligible,Missing Required Documents
C1039,P1039,Elizabeth Fowler,8555,"ClaimForm.pdf, Bill.pdf, ID.pdf",Not Eligible,Claim Exceeds Limit
C1040,P1040,Brittany Farmer,11193,"ClaimForm.pdf, Bill.pdf",Not Eligible,Claim Exceeds Limit
C1041,P1041,Paula Moreno,7490,"ID.pdf, Bill.pdf, ClaimForm.pdf",Not Eligible,Policy Inactive
C1042,P1042,Fred Smith,12932,"ID.pdf, Bill.pdf",Not Eligible,Claim Exceeds Limit
C1043,P1043,Sherry Decker,8324,"Bill.pdf, ID.pdf, ClaimForm.pdf",Eligible,All Checks Passed
C1044,P1044,Anthony Humphrey,7155,"Bill.pdf, ID.pdf, ClaimForm.pdf",Not Eligible,Claim Exceeds Limit
C1045,P1045,Angelica Tucker,9682,"ID.pdf, Bill.pdf",Not Eligible,Claim Exceeds Limit
C1046,P1046,Philip Cannon,14039,"ID.pdf, Bill.pdf",Not Eligible,Policy Inactive
C1047,P1047,John Pierce,13309,"Bill.pdf, ID.pdf",Not Eligible,Claim Exceeds Limit
C1048,P1048,Shane Henderson,7350,"Bill.pdf, ClaimForm.pdf",Not Eligible,Policy Inactive
C1049,P1049,Joshua Blair,12560,"ClaimForm.pdf, ID.pdf, Bill.pdf",Not Eligible,Policy Inactive
C1050,P1050,Eric Carney,16462,"ClaimForm.pdf, Bill.pdf",Not Eligible,Claim Exceeds Limit
C1051,P1051,Jessica Holmes,9251,"ID.pdf, Bill.pdf",Not Eligible,Missing Required Documents
C1052,P1052,Danny Morgan,9861,"ID.pdf, ClaimForm.pdf",Not Eligible,Claim Exceeds Limit
C1053,P1053,Crystal Robinson,9723,"Bill.pdf, ClaimForm.pdf, ID.pdf",Not Eligible,Claim Exceeds Limit
C1054,P1054,Mark Perez,11498,"Bill.pdf, ID.pdf",Not Eligible,Missing Required Documents
C1055,P1055,Shannon Jones,18675,"ID.pdf, ClaimForm.pdf, Bill.pdf",Not Eligible,Claim Exceeds Limit
C1056,P1056,Michael Lewis,14217,"Bill.pdf, ID.pdf, ClaimForm.pdf",Eligible,All Checks Passed
C1057,P1057,Timothy Duncan,6150,"ID.pdf, Bill.pdf",Not Eligible,Missing Required Documents
C1058,P1058,Richard Aguirre,6684,"ID.pdf, ClaimForm.pdf, Bill.pdf",Not Eligible,Policy Inactive
C1059,P1059,Brent Jordan,8194,"ID.pdf, Bill.pdf, ClaimForm.pdf",Not Eligible,Claim Exceeds Limit
C1060,P1060,John Daniel,6993,"ID.pdf, Bill.pdf, ClaimForm.pdf",Eligible,All Checks Passed
C1061,P1061,Victoria Garcia,12517,"ID.pdf, ClaimForm.pdf",Not Eligible,Missing Required Documents
C1062,P1062,Gerald Hensley,14349,"Bill.pdf, ID.pdf, ClaimForm.pdf",Eligible,All Checks Passed
C1063,P1063,Connor West,4752,"Bill.pdf, ID.pdf",Not Eligible,Missing Required Documents
C1064,P1064,Donald Wright,11900,"ClaimForm.pdf, Bill.pdf",Not Eligible,Missing Required Documents
C1065,P1065,Jessica Callahan,6972,"Bill.pdf, ClaimForm.pdf",Not Eligible,Policy Inactive
C1066,P1066,Amber Kidd,13452,"ClaimForm.pdf, Bill.pdf",Not Eligible,Missing Required Documents
C1067,P1067,Tracy House,6385,"Bill.pdf, ID.pdf, ClaimForm.pdf",Not Eligible,Policy Inactive
C1068,P1068,Carol Tucker,5252,"Bill.pdf, ClaimForm.pdf",Not Eligible,Missing Required Documents
C1069,P1069,James Brown,9666,"ID.pdf, ClaimForm.pdf, Bill.pdf",Eligible,All Checks Passed
C1070,P1070,William Baker,13524,"Bill.pdf, ClaimForm.pdf, ID.pdf",Eligible,All Checks Passed
C1071,P1071,Jordan Henderson,6804,"ClaimForm.pdf, ID.pdf",Not Eligible,Missing Required Documents
C1072,P1072,Whitney Peters,5880,"ID.pdf, Bill.pdf",Not Eligible,Missing Required Documents
C1073,P1073,Brittney Phillips,9105,"ClaimForm.pdf, Bill.pdf, ID.pdf",Eligible,All Checks Passed
C1074,P1074,Lauren Daniels,12305,"ID.pdf, Bill.pdf",Not Eligible,Policy Inactive
C1075,P1075,Amy Silva,17888,"ClaimForm.pdf, ID.pdf, Bill.pdf",Not Eligible,Policy Inactive
C1076,P1076,Sarah Moore,9318,"ID.pdf, ClaimForm.pdf",Not Eligible,Missing Required Documents
C1077,P1077,Angela Lopez,18037,"Bill.pdf, ClaimForm.pdf, ID.pdf",Not Eligible,Claim Exceeds Limit
C1078,P1078,Megan Young,14046,"Bill.pdf, ClaimForm.pdf, ID.pdf",Eligible,All Checks Passed
C1079,P1079,Steve Sanchez,13009,"ID.pdf, Bill.pdf, ClaimForm.pdf",Not Eligible,Claim Exceeds Limit
C1080,P1080,Lisa Barnes,16134,"ClaimForm.pdf, Bill.pdf",Not Eligible,Missing Required Documents
C1081,P1081,Kelly Donovan,18645,"ClaimForm.pdf, Bill.pdf, ID.pdf",Not Eligible,Claim Exceeds Limit
C1082,P1082,Mike Allen,6142,"ID.pdf, Bill.pdf",Not Eligible,Policy Inactive
C1083,P1083,Michael Evans,8400,"Bill.pdf, ClaimForm.pdf, ID.pdf",Eligible,All Checks Passed
C1084,P1084,Paul Jones,13709,"Bill.pdf, ClaimForm.pdf, ID.pdf",Not Eligible,Claim Exceeds Limit
C1085,P1085,Zachary Ferrell,6873,"ID.pdf, ClaimForm.pdf, Bill.pdf",Not Eligible,Policy Inactive
C1086,P1086,Daniel Baker,11233,"Bill.pdf, ClaimForm.pdf, ID.pdf",Not Eligible,Policy Inactive
C1087,P1087,Shirley Suarez,15043,"ClaimForm.pdf, Bill.pdf",Not Eligible,Missing Required Documents
C1088,P1088,Christopher Bass,10834,"ID.pdf, Bill.pdf",Not Eligible,Claim Exceeds Limit
C1089,P1089,Lisa Archer,9813,"Bill.pdf, ClaimForm.pdf, ID.pdf",Eligible,All Checks Passed
C1090,P1090,Aimee Montoya,5682,"Bill.pdf, ID.pdf, ClaimForm.pdf",Not Eligible,Policy Inactive
C1091,P1091,Matthew Mcmillan,4838,"Bill.pdf, ClaimForm.pdf",Not Eligible,Missing Required Documents
C1092,P1092,Brian Rodriguez,12383,"ClaimForm.pdf, ID.pdf",Not Eligible,Missing Required Documents
C1093,P1093,Denise Jacobs,11525,"ClaimForm.pdf, Bill.pdf, ID.pdf",Not Eligible,Policy Inactive
C1094,P1094,Christina Walters,5979,"ClaimForm.pdf, ID.pdf, Bill.pdf",Eligible,All Checks Passed
C1095,P1095,John Whitehead,11409,"ID.pdf, ClaimForm.pdf, Bill.pdf",Not Eligible,Claim Exceeds Limit
C1096,P1096,Anna Henderson,13098,"ID.pdf, Bill.pdf",Not Eligible,Policy Inactive
C1097,P1097,Aaron Wise,3049,"Bill.pdf, ClaimForm.pdf",Not Eligible,Missing Required Documents
C1098,P1098,Deborah Figueroa,3742,"ID.pdf, ClaimForm.pdf, Bill.pdf",Eligible,All Checks Passed
C1099,P1099,Jessica Smith,5261,"ClaimForm.pdf, ID.pdf, Bill.pdf",Not Eligible,Policy Inactive
C1100,P1100,Stephen Mckee,8897,"Bill.pdf, ID.pdf",Not Eligible,Missing Required Documents
C1101,P1101,Sandra Aguilar,9135,"ID.pdf, Bill.pdf, ClaimForm.pdf",Not Eligible,Claim Exceeds Limit
C1102,P1102,Cameron Parker,3657,"Bill.pdf, ID.pdf",Not Eligible,Missing Required Documents
C1103,P1103,Rebecca Valencia,6887,"Bill.pdf, ID.pdf",Not Eligible,Missing Required Documents
C1104,P1104,Christine Wright,7172,"ClaimForm.pdf, Bill.pdf",Not Eligible,Missing Required Documents
C1105,P1105,Richard Henson,11015,"ID.pdf, Bill.pdf, ClaimForm.pdf",Not Eligible,Claim Exceeds Limit
C1106,P1106,Marc Moore,9744,"ClaimForm.pdf, ID.pdf",Not Eligible,Claim Exceeds Limit
C1107,P1107,Sharon Cherry,14342,"ID.pdf, ClaimForm.pdf",Not Eligible,Missing Required Documents
C1108,P1108,Sierra Johnson,14878,"ClaimForm.pdf, ID.pdf",Not Eligible,Claim Exceeds Limit
C1109,P1109,Evelyn Galvan,13074,"ClaimForm.pdf, Bill.pdf",Not Eligible,Claim Exceeds Limit
C1110,P1110,Sharon Cochran,4102,"Bill.pdf, ClaimForm.pdf",Not Eligible,Missing Required Documents
C1111,P1111,Richard Rodriguez,10314,"ClaimForm.pdf, Bill.pdf",Not Eligible,Claim Exceeds Limit
C1112,P1112,Shannon Walker,16181,"ClaimForm.pdf, Bill.pdf, ID.pdf",Eligible,All Checks Passed
C1113,P1113,Julia Torres,5295,"ClaimForm.pdf, ID.pdf, Bill.pdf",Eligible,All Checks Passed
C1114,P1114,Crystal Johnson,6881,"ClaimForm.pdf, Bill.pdf, ID.pdf",Eligible,All Checks Passed
C1115,P1115,Garrett Lin,7923,"ClaimForm.pdf, Bill.pdf, ID.pdf",Not Eligible,Policy Inactive
C1116,P1116,Diana May,19240,"ID.pdf, Bill.pdf",Not Eligible,Claim Exceeds Limit
C1117,P1117,William Herrera,15874,"Bill.pdf, ID.pdf, ClaimForm.pdf",Not Eligible,Claim Exceeds Limit
C1118,P1118,Ashley Waller,7889,"ID.pdf, ClaimForm.pdf, Bill.pdf",Eligible,All Checks Passed
C1119,P1119,Victor Baker,10896,"ID.pdf, ClaimForm.pdf",Not Eligible,Missing Required Documents
C1120,P1120,Jeffrey Chandler,18172,"Bill.pdf, ID.pdf",Not Eligible,Claim Exceeds Limit
C1121,P1121,Larry Dixon,9824,"ID.pdf, ClaimForm.pdf",Not Eligible,Missing Required Documents
C1122,P1122,Kenneth Scott,11355,"ID.pdf, ClaimForm.pdf",Not Eligible,Missing Required Documents
C1123,P1123,April Frost,10369,"ClaimForm.pdf, Bill.pdf, ID.pdf",Not Eligible,Policy Inactive
C1124,P1124,Michelle Harmon,7398,"Bill.pdf, ClaimForm.pdf, ID.pdf",Eligible,All Checks Passed
C1125,P1125,Helen Jones,6082,"ID.pdf, ClaimForm.pdf",Not Eligible,Missing Required Documents
C1126,P1126,Erin Edwards,17245,"ID.pdf, ClaimForm.pdf, Bill.pdf",Not Eligible,Claim Exceeds Limit
C1127,P1127,Michelle Evans,6113,"Bill.pdf, ID.pdf",Not Eligible,Missing Required Documents
C1128,P1128,Jason Powell,10949,"ID.pdf, ClaimForm.pdf",Not Eligible,Missing Required Documents
C1129,P1129,Cameron Fisher,8269,"ID.pdf, Bill.pdf, ClaimForm.pdf",Not Eligible,Policy Inactive
C1130,P1130,Megan Orr,8053,"ID.pdf, Bill.pdf, ClaimForm.pdf",Eligible,All Checks Passed
C1131,P1131,Elizabeth Kelley,4615,"ID.pdf, ClaimForm.pdf, Bill.pdf",Not Eligible,Policy Inactive
C1132,P1132,Dustin Jordan,13253,"ClaimForm.pdf, Bill.pdf, ID.pdf",Not Eligible,Policy Inactive
C1133,P1133,Mary Marshall,3265,"Bill.pdf, ID.pdf, ClaimForm.pdf",Eligible,All Checks Passed
C1134,P1134,Daniel Kennedy,5497,"ID.pdf, ClaimForm.pdf",Not Eligible,Missing Required Documents
C1135,P1135,Rebecca Jackson,15446,"ID.pdf, Bill.pdf",Not Eligible,Policy Inactive
C1136,P1136,Jose Schultz,7216,"Bill.pdf, ID.pdf, ClaimForm.pdf",Eligible,All Checks Passed
C1137,P1137,Robert Potter,5756,"ClaimForm.pdf, Bill.pdf, ID.pdf",Eligible,All Checks Passed
C1138,P1138,Courtney Gonzalez,9030,"Bill.pdf, ClaimForm.pdf",Not Eligible,Missing Required Documents
C1139,P1139,David Alvarez,4217,"ClaimForm.pdf, ID.pdf",Not Eligible,Missing Required Documents
C1140,P1140,Angel Perry,7505,"ClaimForm.pdf, Bill.pdf",Not Eligible,Missing Required Documents
C1141,P1141,Cheyenne Horton,3149,"Bill.pdf, ID.pdf",Not Eligible,Policy Inactive
C1142,P1142,David Douglas Jr.,9114,"Bill.pdf, ID.pdf",Not Eligible,Missing Required Documents
C1143,P1143,Patricia Rodriguez,13801,"ClaimForm.pdf, Bill.pdf, ID.pdf",Not Eligible,Claim Exceeds Limit
C1144,P1144,Christopher Rubio,3097,"Bill.pdf, ID.pdf",Not Eligible,Missing Required Documents
C1145,P1145,Amber Wright,11777,"ClaimForm.pdf, ID.pdf, Bill.pdf",Eligible,All Checks Passed
C1146,P1146,Joyce Solis,4753,"Bill.pdf, ClaimForm.pdf",Not Eligible,Missing Required Documents
C1147,P1147,Victoria Larson,10896,"Bill.pdf, ID.pdf",Not Eligible,Missing Required Documents
C1148,P1148,Stephanie Salazar,14614,"ID.pdf, ClaimForm.pdf, Bill.pdf",Eligible,All Checks Passed
C1149,P1149,Kathy Rivas,10858,"ID.pdf, ClaimForm.pdf, Bill.pdf",Not Eligible,Claim Exceeds Limit
C1150,P1150,Stephanie Manning,7914,"Bill.pdf, ClaimForm.pdf",Not Eligible,Policy Inactive
C1151,P1151,David Wright,3765,"ID.pdf, Bill.pdf, ClaimForm.pdf",Not Eligible,Policy Inactive
C1152,P1152,Pamela Boyd,4838,"Bill.pdf, ClaimForm.pdf",Not Eligible,Missing Required Documents
C1153,P1153,Denise Jones,4354,"ID.pdf, Bill.pdf, ClaimForm.pdf",Not Eligible,Policy Inactive
C1154,P1154,Devon Flores,20306,"ClaimForm.pdf, Bill.pdf",Not Eligible,Claim Exceeds Limit
C1155,P1155,Brenda Hall,18581,"ClaimForm.pdf, Bill.pdf, ID.pdf",Not Eligible,Claim Exceeds Limit
C1156,P1156,Michelle Brown,4078,"ID.pdf, ClaimForm.pdf",Not Eligible,Missing Required Documents
C1157,P1157,Joshua Perry,9788,"Bill.pdf, ID.pdf",Not Eligible,Missing Required Documents
C1158,P1158,Jason Stein,18218,"ID.pdf, ClaimForm.pdf",Not Eligible,Claim Exceeds Limit
C1159,P1159,Melissa Gates,12239,"Bill.pdf, ID.pdf",Not Eligible,Claim Exceeds Limit
C1160,P1160,Jamie Smith,20713,"ID.pdf, ClaimForm.pdf, Bill.pdf",Not Eligible,Claim Exceeds Limit
C1161,P1161,Paul Castaneda,11204,"ClaimForm.pdf, Bill.pdf, ID.pdf",Not Eligible,Claim Exceeds Limit
C1162,P1162,Jennifer Adkins,10606,"ID.pdf, Bill.pdf",Not Eligible,Missing Required Documents
C1163,P1163,Lindsey Walker,15673,"ClaimForm.pdf, ID.pdf, Bill.pdf",Not Eligible,Claim Exceeds Limit
C1164,P1164,Jeffrey Johnson,19076,"ID.pdf, Bill.pdf",Not Eligible,Claim Exceeds Limit
C1165,P1165,Michael Powell,6537,"Bill.pdf, ID.pdf",Not Eligible,Policy Inactive
C1166,P1166,John Anderson,4404,"ClaimForm.pdf, Bill.pdf, ID.pdf",Eligible,All Checks Passed
C1167,P1167,Alyssa Long,7390,"ID.pdf, ClaimForm.pdf",Not Eligible,Policy Inactive
C1168,P1168,Alyssa Day,15118,"ID.pdf, Bill.pdf, ClaimForm.pdf",Not Eligible,Claim Exceeds Limit
C1169,P1169,Joel Williams,4499,"ID.pdf, Bill.pdf",Not Eligible,Missing Required Documents
C1170,P1170,Daniel Murphy,14793,"ClaimForm.pdf, Bill.pdf, ID.pdf",Not Eligible,Policy Inactive
C1171,P1171,Jamie Walton,6070,"ID.pdf, Bill.pdf, ClaimForm.pdf",Eligible,All Checks Passed
C1172,P1172,Darlene Miller,3860,"ID.pdf, ClaimForm.pdf",Not Eligible,Missing Required Documents
C1173,P1173,Joshua Cooke,12780,"ID.pdf, ClaimForm.pdf, Bill.pdf",Not Eligible,Claim Exceeds Limit
C1174,P1174,Matthew Harrington,16559,"ClaimForm.pdf, Bill.pdf, ID.pdf",Eligible,All Checks Passed
C1175,P1175,Nicole Herring,8614,"ClaimForm.pdf, Bill.pdf, ID.pdf",Not Eligible,Claim Exceeds Limit
C1176,P1176,Alex Hernandez,7933,"ID.pdf, ClaimForm.pdf, Bill.pdf",Eligible,All Checks Passed
C1177,P1177,Michael Elliott,8479,"ID.pdf, Bill.pdf, ClaimForm.pdf",Eligible,All Checks Passed
C1178,P1178,Michael Wang,18867,"ID.pdf, Bill.pdf",Not Eligible,Missing Required Documents
C1179,P1179,Lawrence Adkins,7040,"Bill.pdf, ClaimForm.pdf, ID.pdf",Not Eligible,Claim Exceeds Limit
C1180,P1180,Robert Oconnell,6505,"ID.pdf, ClaimForm.pdf",Not Eligible,Policy Inactive
C1181,P1181,Alexander Collins,9483,"Bill.pdf, ID.pdf, ClaimForm.pdf",Not Eligible,Claim Exceeds Limit
C1182,P1182,Tina Sanders,10212,"ID.pdf, ClaimForm.pdf, Bill.pdf",Not Eligible,Claim Exceeds Limit
C1183,P1183,Angela Vaughn,8253,"ID.pdf, Bill.pdf",Not Eligible,Missing Required Documents
C1184,P1184,Ashley Barton,8820,"ID.pdf, Bill.pdf, ClaimForm.pdf",Eligible,All Checks Passed
C1185,P1185,Lindsay Martinez,12435,"ID.pdf, Bill.pdf",Not Eligible,Missing Required Documents
C1186,P1186,Dr. Hannah Patterson,12184,"ID.pdf, ClaimForm.pdf, Bill.pdf",Eligible,All Checks Passed
C1187,P1187,Jonathan Peterson,5947,"Bill.pdf, ID.pdf",Not Eligible,Policy Inactive
C1188,P1188,Samantha Garcia,9869,"ID.pdf, ClaimForm.pdf, Bill.pdf",Eligible,All Checks Passed
C1189,P1189,Madison Poole,8513,"ClaimForm.pdf, ID.pdf, Bill.pdf",Not Eligible,Claim Exceeds Limit
C1190,P1190,Jessica Gross,7139,"Bill.pdf, ID.pdf",Not Eligible,Missing Required Documents
C1191,P1191,Debra Morton,9176,"ID.pdf, Bill.pdf",Not Eligible,Missing Required Documents
C1192,P1192,Karen Graham,12539,"Bill.pdf, ID.pdf, ClaimForm.pdf",Not Eligible,Claim Exceeds Limit
C1193,P1193,Debra Christian,15955,"Bill.pdf, ClaimForm.pdf, ID.pdf",Not Eligible,Claim Exceeds Limit
C1194,P1194,Angelica Keith,7067,"ClaimForm.pdf, Bill.pdf, ID.pdf",Not Eligible,Claim Exceeds Limit
C1195,P1195,John Bishop,13865,"ClaimForm.pdf, Bill.pdf, ID.pdf",Eligible,All Checks Passed
C1196,P1196,Allen Rosales,7239,"Bill.pdf, ClaimForm.pdf",Not Eligible,Missing Required Documents
C1197,P1197,Daniel Salinas,17607,"ID.pdf, Bill.pdf, ClaimForm.pdf",Eligible,All Checks Passed
C1198,P1198,Spencer Haynes,8651,"ID.pdf, ClaimForm.pdf",Not Eligible,Missing Required Documents
C1199,P1199,Adam Vaughan,7840,"ClaimForm.pdf, Bill.pdf, ID.pdf",Not Eligible,Claim Exceeds Limit
C1200,P1200,Nathan Freeman,8707,"ID.pdf, Bill.pdf, ClaimForm.pdf",Eligible,All Checks Passed
C1201,P1201,Melissa Brewer,20075,"ID.pdf, Bill.pdf, ClaimForm.pdf",Not Eligible,Policy Inactive
C1202,P1202,Ricky Davis II,6589,"ID.pdf, ClaimForm.pdf, Bill.pdf",Not Eligible,Policy Inactive
C1203,P1203,Elizabeth Perkins,3732,"ClaimForm.pdf, ID.pdf",Not Eligible,Policy Inactive
C1204,P1204,Joseph Coleman,6583,"Bill.pdf, ClaimForm.pdf",Not Eligible,Missing Required Documents
C1205,P1205,Erin Warner,19908,"Bill.pdf, ClaimForm.pdf",Not Eligible,Claim Exceeds Limit
C1206,P1206,David Martinez,13845,"ID.pdf, ClaimForm.pdf, Bill.pdf",Eligible,All Checks Passed
C1207,P1207,Bryan Herrera,9044,"Bill.pdf, ID.pdf",Not Eligible,Missing Required Documents
C1208,P1208,Cathy Robinson,9481,"Bill.pdf, ClaimForm.pdf",Not Eligible,Claim Exceeds Limit
C1209,P1209,Dr. William Warren,17731,"ID.pdf, ClaimForm.pdf, Bill.pdf",Not Eligible,Policy Inactive
C1210,P1210,Brian Lee,9743,"Bill.pdf, ClaimForm.pdf, ID.pdf",Not Eligible,Policy Inactive
C1211,P1211,Christopher Smith,11796,"ID.pdf, Bill.pdf",Not Eligible,Claim Exceeds Limit
C1212,P1212,Denise Mccann,6228,"ClaimForm.pdf, ID.pdf, Bill.pdf",Eligible,All Checks Passed
C1213,P1213,Melissa Martinez,11646,"Bill.pdf, ID.pdf, ClaimForm.pdf",Eligible,All Checks Passed
C1214,P1214,Katherine Salas,22234,"ID.pdf, Bill.pdf",Not Eligible,Policy Inactive
C1215,P1215,Julie Alexander,10501,"Bill.pdf, ID.pdf",Not Eligible,Claim Exceeds Limit
C1216,P1216,Anthony Everett,22338,"Bill.pdf, ClaimForm.pdf",Not Eligible,Claim Exceeds Limit
C1217,P1217,Rodney Morales,8131,"ClaimForm.pdf, ID.pdf",Not Eligible,Missing Required Documents
C1218,P1218,Mark Brown,6832,"ID.pdf, ClaimForm.pdf",Not Eligible,Policy Inactive
C1219,P1219,Justin Torres,11369,"ID.pdf, ClaimForm.pdf, Bill.pdf",Not Eligible,Claim Exceeds Limit
C1220,P1220,Bailey Duran DDS,9931,"ID.pdf, ClaimForm.pdf",Not Eligible,Policy Inactive
C1221,P1221,Courtney Mills,21183,"ID.pdf, Bill.pdf",Not Eligible,Claim Exceeds Limit
C1222,P1222,Jeremy Dalton,5298,"ID.pdf, Bill.pdf",Not Eligible,Missing Required Documents
C1223,P1223,Elizabeth Oliver DDS,4756,"ClaimForm.pdf, ID.pdf, Bill.pdf",Eligible,All Checks Passed
C1224,P1224,Theresa Clark,6196,"Bill.pdf, ID.pdf, ClaimForm.pdf",Eligible,All Checks Passed
C1225,P1225,Matthew Moore,8609,"ID.pdf, Bill.pdf, ClaimForm.pdf",Not Eligible,Claim Exceeds Limit
C1226,P1226,Benjamin Smith,5740,"Bill.pdf, ClaimForm.pdf",Not Eligible,Policy Inactive
C1227,P1227,Kirk Carter,16039,"ID.pdf, ClaimForm.pdf",Not Eligible,Claim Exceeds Limit
C1228,P1228,Michael Warner,12006,"Bill.pdf, ID.pdf",Not Eligible,Missing Required Documents
C1229,P1229,Michael Bradshaw,4377,"Bill.pdf, ID.pdf, ClaimForm.pdf",Eligible,All Checks Passed
C1230,P1230,Lori Guerrero,12383,"ID.pdf, Bill.pdf",Not Eligible,Claim Exceeds Limit
C1231,P1231,Jessica Stephens,11880,"Bill.pdf, ID.pdf",Not Eligible,Claim Exceeds Limit
C1232,P1232,Susan Serrano,10161,"ClaimForm.pdf, Bill.pdf, ID.pdf",Eligible,All Checks Passed
C1233,P1233,Christopher Parker,4056,"ID.pdf, Bill.pdf, ClaimForm.pdf",Eligible,All Checks Passed
C1234,P1234,Laura Roberts,10193,"ClaimForm.pdf, Bill.pdf",Not Eligible,Missing Required Documents
C1235,P1235,Michael Lyons,16282,"Bill.pdf, ID.pdf, ClaimForm.pdf",Not Eligible,Claim Exceeds Limit
C1236,P1236,Kathryn Snyder,23190,"ClaimForm.pdf, Bill.pdf",Not Eligible,Claim Exceeds Limit
C1237,P1237,Andrew Reynolds,3972,"Bill.pdf, ID.pdf, ClaimForm.pdf",Eligible,All Checks Passed
C1238,P1238,David Davis,8302,"ID.pdf, Bill.pdf, ClaimForm.pdf",Eligible,All Checks Passed
C1239,P1239,Sara Johnston,7442,"ClaimForm.pdf, ID.pdf, Bill.pdf",Eligible,All Checks Passed
C1240,P1240,Yvonne Chambers,7348,"ClaimForm.pdf, ID.pdf",Not Eligible,Missing Required Documents
C1241,P1241,Andrew Avila,11111,"ID.pdf, ClaimForm.pdf, Bill.pdf",Not Eligible,Policy Inactive
C1242,P1242,Matthew Moon,13286,"ID.pdf, Bill.pdf, ClaimForm.pdf",Not Eligible,Claim Exceeds Limit
C1243,P1243,Kevin Walters,6050,"Bill.pdf, ID.pdf, ClaimForm.pdf",Eligible,All Checks Passed
C1244,P1244,Brandon Bailey MD,17899,"ID.pdf, ClaimForm.pdf, Bill.pdf",Not Eligible,Policy Inactive
C1245,P1245,Shannon Rivera,18022,"ClaimForm.pdf, ID.pdf, Bill.pdf",Eligible,All Checks Passed
C1246,P1246,Donna Landry,17078,"ID.pdf, Bill.pdf",Not Eligible,Missing Required Documents
C1247,P1247,Krista Gibson,8289,"ID.pdf, ClaimForm.pdf, Bill.pdf",Eligible,All Checks Passed
C1248,P1248,Frank Cordova,8631,"ClaimForm.pdf, Bill.pdf",Not Eligible,Missing Required Documents
C1249,P1249,Jose Travis,13259,"ClaimForm.pdf, Bill.pdf, ID.pdf",Not Eligible,Claim Exceeds Limit
C1250,P1250,Kimberly Gutierrez,10230,"ClaimForm.pdf, ID.pdf, Bill.pdf",Not Eligible,Claim Exceeds Limit
C1251,P1251,Isaiah Avila,14281,"Bill.pdf, ID.pdf",Not Eligible,Claim Exceeds Limit
C1252,P1252,Olivia Harris,8209,"ClaimForm.pdf, ID.pdf, Bill.pdf",Eligible,All Checks Passed
C1253,P1253,Tanya Kim,4350,"Bill.pdf, ClaimForm.pdf, ID.pdf",Eligible,All Checks Passed
C1254,P1254,Barbara Dudley,9493,"Bill.pdf, ClaimForm.pdf, ID.pdf",Eligible,All Checks Passed
C1255,P1255,Cynthia Moore,13739,"Bill.pdf, ClaimForm.pdf",Not Eligible,Policy Inactive
C1256,P1256,Kristen Davis,3017,"ID.pdf, ClaimForm.pdf",Not Eligible,Missing Required Documents
C1257,P1257,Susan Murray MD,7348,"Bill.pdf, ID.pdf",Not Eligible,Missing Required Documents
C1258,P1258,Kathleen Moran,3152,"Bill.pdf, ID.pdf",Not Eligible,Missing Required Documents
C1259,P1259,Denise Davenport,6951,"Bill.pdf, ClaimForm.pdf, ID.pdf",Eligible,All Checks Passed
C1260,P1260,Mrs. Kristen Reyes,4160,"ID.pdf, ClaimForm.pdf",Not Eligible,Missing Required Documents
C1261,P1261,Katie Suarez,6356,"ID.pdf, Bill.pdf",Not Eligible,Missing Required Documents
C1262,P1262,Desiree Tyler,12805,"ID.pdf, ClaimForm.pdf",Not Eligible,Missing Required Documents
C1263,P1263,Timothy Romero,13511,"ClaimForm.pdf, Bill.pdf",Not Eligible,Claim Exceeds Limit
C1264,P1264,Diane Evans,8377,"ID.pdf, ClaimForm.pdf, Bill.pdf",Eligible,All Checks Passed
C1265,P1265,Yvonne Burns,16490,"ClaimForm.pdf, Bill.pdf, ID.pdf",Eligible,All Checks Passed
C1266,P1266,Joshua Reed,5293,"Bill.pdf, ID.pdf",Not Eligible,Policy Inactive
C1267,P1267,Kimberly Gibson,8759,"ID.pdf, ClaimForm.pdf, Bill.pdf",Not Eligible,Claim Exceeds Limit
C1268,P1268,Colin Terry,7537,"ClaimForm.pdf, ID.pdf",Not Eligible,Policy Inactive
C1269,P1269,Cynthia Rowe,3439,"ClaimForm.pdf, Bill.pdf, ID.pdf",Eligible,All Checks Passed
C1270,P1270,Patrick Thornton,12684,"ClaimForm.pdf, ID.pdf",Not Eligible,Policy Inactive
C1271,P1271,Jasmin Alvarado,9322,"ClaimForm.pdf, ID.pdf",Not Eligible,Policy Inactive
C1272,P1272,Veronica Simpson,23908,"Bill.pdf, ClaimForm.pdf",Not Eligible,Claim Exceeds Limit
C1273,P1273,Jonathan Lawrence,8916,"ClaimForm.pdf, ID.pdf, Bill.pdf",Not Eligible,Claim Exceeds Limit
C1274,P1274,Shelly Alexander,8986,"ID.pdf, ClaimForm.pdf",Not Eligible,Missing Required Documents
C1275,P1275,Joyce Bowen,3273,"ClaimForm.pdf, ID.pdf",Not Eligible,Missing Required Documents
C1276,P1276,Matthew Moore,10069,"ClaimForm.pdf, ID.pdf",Not Eligible,Missing Required Documents
C1277,P1277,Wayne Morgan,19600,"Bill.pdf, ID.pdf, ClaimForm.pdf",Not Eligible,Claim Exceeds Limit
C1278,P1278,Marie Christian,16181,"Bill.pdf, ClaimForm.pdf",Not Eligible,Policy Inactive
C1279,P1279,Shannon James,7546,"ID.pdf, ClaimForm.pdf",Not Eligible,Missing Required Documents
C1280,P1280,Nathan Malone,19754,"ClaimForm.pdf, ID.pdf",Not Eligible,Claim Exceeds Limit
C1281,P1281,Amanda Jones,9401,"ID.pdf, Bill.pdf",Not Eligible,Policy Inactive
C1282,P1282,Tammie Bright,14959,"ClaimForm.pdf, Bill.pdf",Not Eligible,Claim Exceeds Limit
C1283,P1283,Jessica Garcia,5825,"ClaimForm.pdf, ID.pdf, Bill.pdf",Eligible,All Checks Passed
C1284,P1284,Shelia Wallace,8067,"ClaimForm.pdf, Bill.pdf",Not Eligible,Claim Exceeds Limit
C1285,P1285,Stephanie Williams,7496,"ClaimForm.pdf, ID.pdf",Not Eligible,Policy Inactive
C1286,P1286,Elaine Brooks,18614,"Bill.pdf, ID.pdf, ClaimForm.pdf",Not Eligible,Claim Exceeds Limit
C1287,P1287,Joseph Knight,15185,"Bill.pdf, ID.pdf",Not Eligible,Missing Required Documents
C1288,P1288,Carolyn Miller,6868,"ID.pdf, Bill.pdf",Not Eligible,Policy Inactive
C1289,P1289,Lisa Allen,11912,"ID.pdf, ClaimForm.pdf",Not Eligible,Policy Inactive
C1290,P1290,Briana Murray,19257,"Bill.pdf, ID.pdf, ClaimForm.pdf",Not Eligible,Claim Exceeds Limit
C1291,P1291,David Smith,11185,"ID.pdf, ClaimForm.pdf",Not Eligible,Policy Inactive
C1292,P1292,Stephanie Byrd,11359,"Bill.pdf, ClaimForm.pdf",Not Eligible,Policy Inactive
C1293,P1293,Jeremy Reed,6742,"ClaimForm.pdf, Bill.pdf",Not Eligible,Policy Inactive
C1294,P1294,Margaret Coleman,7006,"ID.pdf, Bill.pdf",Not Eligible,Missing Required Documents
C1295,P1295,Ryan Gonzalez,9274,"ClaimForm.pdf, Bill.pdf",Not Eligible,Policy Inactive
C1296,P1296,John Young,12058,"ClaimForm.pdf, ID.pdf, Bill.pdf",Eligible,All Checks Passed
C1297,P1297,Laura Haney,9819,"ID.pdf, ClaimForm.pdf, Bill.pdf",Not Eligible,Claim Exceeds Limit
C1298,P1298,William Barrett,4956,"ClaimForm.pdf, Bill.pdf",Not Eligible,Missing Required Documents
C1299,P1299,Keith Jennings,11450,"ID.pdf, ClaimForm.pdf",Not Eligible,Claim Exceeds Limit
C1300,P1300,Amber Obrien,10620,"ID.pdf, Bill.pdf, ClaimForm.pdf",Not Eligible,Claim Exceeds Limit
C1301,P1301,Tanner Mitchell DDS,10483,"ID.pdf, ClaimForm.pdf",Not Eligible,Policy Inactive
C1302,P1302,Heather Fields,7777,"Bill.pdf, ClaimForm.pdf, ID.pdf",Eligible,All Checks Passed
C1303,P1303,Megan Le,9033,"ClaimForm.pdf, Bill.pdf, ID.pdf",Not Eligible,Claim Exceeds Limit
C1304,P1304,Sara Fuller,3052,"ClaimForm.pdf, Bill.pdf, ID.pdf",Eligible,All Checks Passed
C1305,P1305,Maria Parker,13419,"ID.pdf, ClaimForm.pdf",Not Eligible,Claim Exceeds Limit
C1306,P1306,Kevin Oconnor,15434,"Bill.pdf, ID.pdf, ClaimForm.pdf",Not Eligible,Claim Exceeds Limit
C1307,P1307,Edward Burgess,9723,"ID.pdf, Bill.pdf",Not Eligible,Missing Required Documents
C1308,P1308,Carlos Ryan,4962,"Bill.pdf, ID.pdf",Not Eligible,Missing Required Documents
C1309,P1309,Kiara Mcintyre,6048,"ClaimForm.pdf, ID.pdf",Not Eligible,Missing Required Documents
C1310,P1310,Dawn Summers,15205,"Bill.pdf, ClaimForm.pdf, ID.pdf",Eligible,All Checks Passed
C1311,P1311,Dr. Paul Morgan,11280,"Bill.pdf, ID.pdf",Not Eligible,Claim Exceeds Limit
C1312,P1312,Victor Taylor,4226,"ID.pdf, ClaimForm.pdf",Not Eligible,Missing Required Documents
C1313,P1313,Shannon Ramsey,6879,"ID.pdf, Bill.pdf, ClaimForm.pdf",Eligible,All Checks Passed
C1314,P1314,Tracy Ballard,13690,"ID.pdf, Bill.pdf, ClaimForm.pdf",Not Eligible,Policy Inactive
C1315,P1315,Richard Smith,5447,"ClaimForm.pdf, Bill.pdf",Not Eligible,Missing Required Documents
C1316,P1316,Jordan Chambers,8092,"ClaimForm.pdf, ID.pdf",Not Eligible,Missing Required Documents
C1317,P1317,Lauren Carson,10635,"ID.pdf, ClaimForm.pdf, Bill.pdf",Not Eligible,Claim Exceeds Limit
C1318,P1318,Ashley Hall,6401,"ID.pdf, Bill.pdf, ClaimForm.pdf",Eligible,All Checks Passed
C1319,P1319,Stephen Hoffman,9983,"ClaimForm.pdf, Bill.pdf",Not Eligible,Claim Exceeds Limit
C1320,P1320,Connie Brown,12968,"ClaimForm.pdf, ID.pdf",Not Eligible,Missing Required Documents
C1321,P1321,Susan Turner,5430,"Bill.pdf, ClaimForm.pdf",Not Eligible,Missing Required Documents
C1322,P1322,Charles Shah,14656,"Bill.pdf, ClaimForm.pdf, ID.pdf",Eligible,All Checks Passed
C1323,P1323,Johnathan Davis,7262,"ClaimForm.pdf, ID.pdf",Not Eligible,Claim Exceeds Limit
C1324,P1324,Brandy Chavez,17001,"Bill.pdf, ClaimForm.pdf, ID.pdf",Not Eligible,Policy Inactive
C1325,P1325,Natalie Bautista,10570,"ClaimForm.pdf, Bill.pdf",Not Eligible,Missing Required Documents
C1326,P1326,Patrick Moore,3391,"ClaimForm.pdf, Bill.pdf",Not Eligible,Missing Required Documents
C1327,P1327,Brett Burns,9492,"ID.pdf, ClaimForm.pdf, Bill.pdf",Eligible,All Checks Passed
C1328,P1328,Trevor Johnson,5457,"ClaimForm.pdf, Bill.pdf",Not Eligible,Missing Required Documents
C1329,P1329,Jeremy Sampson,10393,"ClaimForm.pdf, Bill.pdf, ID.pdf",Not Eligible,Claim Exceeds Limit
C1330,P1330,Ariana Jennings,5007,"ID.pdf, ClaimForm.pdf",Not Eligible,Missing Required Documents
C1331,P1331,Vanessa Howard,5752,"Bill.pdf, ID.pdf, ClaimForm.pdf",Eligible,All Checks Passed
C1332,P1332,Colton Martinez,3966,"Bill.pdf, ID.pdf, ClaimForm.pdf",Eligible,All Checks Passed
C1333,P1333,Jordan Bates,14598,"ClaimForm.pdf, ID.pdf",Not Eligible,Missing Required Documents
C1334,P1334,Linda Smith,7585,"ClaimForm.pdf, Bill.pdf, ID.pdf",Not Eligible,Policy Inactive
C1335,P1335,Dana Martinez,7835,"ID.pdf, Bill.pdf, ClaimForm.pdf",Not Eligible,Claim Exceeds Limit
C1336,P1336,Andrea Hubbard,5874,"ID.pdf, ClaimForm.pdf, Bill.pdf",Eligible,All Checks Passed
C1337,P1337,Daniel Kane,6267,"Bill.pdf, ClaimForm.pdf",Not Eligible,Missing Required Documents
C1338,P1338,Charles Lester,11105,"Bill.pdf, ID.pdf, ClaimForm.pdf",Not Eligible,Claim Exceeds Limit
C1339,P1339,Scott Thomas,18881,"Bill.pdf, ID.pdf, ClaimForm.pdf",Not Eligible,Claim Exceeds Limit
C1340,P1340,David Thompson,5215,"ClaimForm.pdf, ID.pdf",Not Eligible,Missing Required Documents
C1341,P1341,Allison Smith,12783,"ClaimForm.pdf, ID.pdf",Not Eligible,Policy Inactive
C1342,P1342,Cynthia Morris,4919,"Bill.pdf, ID.pdf, ClaimForm.pdf",Not Eligible,Policy Inactive
C1343,P1343,Anthony Harmon,5615,"ClaimForm.pdf, Bill.pdf",Not Eligible,Missing Required Documents
C1344,P1344,Nichole Alvarez,7366,"ClaimForm.pdf, ID.pdf",Not Eligible,Claim Exceeds Limit
C1345,P1345,Kayla Rodriguez,8813,"ClaimForm.pdf, Bill.pdf",Not Eligible,Claim Exceeds Limit
C1346,P1346,Theresa Williams,12707,"Bill.pdf, ID.pdf, ClaimForm.pdf",Not Eligible,Claim Exceeds Limit
C1347,P1347,Sharon Boyd,8761,"Bill.pdf, ClaimForm.pdf",Not Eligible,Claim Exceeds Limit
C1348,P1348,Victor Brown,19129,"ClaimForm.pdf, ID.pdf, Bill.pdf",Not Eligible,Claim Exceeds Limit
C1349,P1349,James Parks,5957,"ClaimForm.pdf, Bill.pdf",Not Eligible,Missing Required Documents
C1350,P1350,Theodore Jones Jr.,3326,"ClaimForm.pdf, ID.pdf, Bill.pdf",Not Eligible,Policy Inactive
C1351,P1351,Ana Hill,9606,"ID.pdf, ClaimForm.pdf",Not Eligible,Claim Exceeds Limit
C1352,P1352,Kimberly Nguyen,13603,"ClaimForm.pdf, Bill.pdf",Not Eligible,Policy Inactive
C1353,P1353,Kerry Chavez DDS,12611,"ClaimForm.pdf, ID.pdf",Not Eligible,Claim Exceeds Limit
C1354,P1354,Michael Farrell,5376,"Bill.pdf, ID.pdf, ClaimForm.pdf",Eligible,All Checks Passed
C1355,P1355,Patricia Le,14028,"ID.pdf, ClaimForm.pdf, Bill.pdf",Eligible,All Checks Passed
C1356,P1356,Jesse Perez,17315,"Bill.pdf, ID.pdf, ClaimForm.pdf",Not Eligible,Claim Exceeds Limit
C1357,P1357,Jesse Perry,21414,"ClaimForm.pdf, Bill.pdf, ID.pdf",Not Eligible,Claim Exceeds Limit
C1358,P1358,Jeffery Ortega,13053,"ClaimForm.pdf, Bill.pdf, ID.pdf",Eligible,All Checks Passed
C1359,P1359,Christian Leblanc,21770,"Bill.pdf, ClaimForm.pdf, ID.pdf",Not Eligible,Claim Exceeds Limit
C1360,P1360,Ronald Davis,12869,"Bill.pdf, ClaimForm.pdf, ID.pdf",Eligible,All Checks Passed
C1361,P1361,Parker Cain,11129,"ID.pdf, ClaimForm.pdf",Not Eligible,Claim Exceeds Limit
C1362,P1362,Laurie Hoffman,10798,"ID.pdf, ClaimForm.pdf, Bill.pdf",Eligible,All Checks Passed
C1363,P1363,Bryan Gomez,16462,"ID.pdf, ClaimForm.pdf, Bill.pdf",Not Eligible,Claim Exceeds Limit
C1364,P1364,Nicole Parrish,4717,"Bill.pdf, ClaimForm.pdf",Not Eligible,Missing Required Documents
C1365,P1365,Tracy Burke,14484,"ClaimForm.pdf, Bill.pdf, ID.pdf",Not Eligible,Policy Inactive
C1366,P1366,Kenneth Lewis,9323,"Bill.pdf, ID.pdf, ClaimForm.pdf",Eligible,All Checks Passed
C1367,P1367,Courtney Rodriguez,16566,"ID.pdf, Bill.pdf, ClaimForm.pdf",Not Eligible,Policy Inactive
C1368,P1368,Holly Farmer,4661,"Bill.pdf, ClaimForm.pdf, ID.pdf",Not Eligible,Policy Inactive
C1369,P1369,Renee Bruce,10393,"ClaimForm.pdf, ID.pdf",Not Eligible,Missing Required Documents
C1370,P1370,Sabrina Austin,3328,"ID.pdf, ClaimForm.pdf, Bill.pdf",Eligible,All Checks Passed
C1371,P1371,Allison Hickman,8600,"ID.pdf, ClaimForm.pdf",Not Eligible,Policy Inactive
C1372,P1372,Debra White,14992,"Bill.pdf, ClaimForm.pdf",Not Eligible,Claim Exceeds Limit
C1373,P1373,Ellen Morgan,8536,"Bill.pdf, ClaimForm.pdf, ID.pdf",Eligible,All Checks Passed
C1374,P1374,Sergio Knight,8406,"ClaimForm.pdf, Bill.pdf, ID.pdf",Eligible,All Checks Passed
C1375,P1375,Charles Schultz,8424,"ClaimForm.pdf, ID.pdf",Not Eligible,Missing Required Documents
C1376,P1376,Paul Lewis,21157,"Bill.pdf, ID.pdf, ClaimForm.pdf",Not Eligible,Policy Inactive
C1377,P1377,Glen Wood,6891,"ClaimForm.pdf, ID.pdf",Not Eligible,Policy Inactive
C1378,P1378,Paula Bradley,12367,"ClaimForm.pdf, Bill.pdf, ID.pdf",Not Eligible,Policy Inactive
C1379,P1379,Anthony Moore,3062,"ClaimForm.pdf, ID.pdf, Bill.pdf",Eligible,All Checks Passed
C1380,P1380,Megan Nelson,6271,"ClaimForm.pdf, Bill.pdf",Not Eligible,Missing Required Documents
C1381,P1381,Karla Ramos,5798,"ClaimForm.pdf, ID.pdf, Bill.pdf",Eligible,All Checks Passed
C1382,P1382,Paul Wilson,8052,"ID.pdf, Bill.pdf, ClaimForm.pdf",Not Eligible,Policy Inactive
C1383,P1383,Douglas Gregory,4493,"ClaimForm.pdf, ID.pdf, Bill.pdf",Eligible,All Checks Passed
C1384,P1384,Mr. Andrew Foster,9052,"ID.pdf, ClaimForm.pdf",Not Eligible,Missing Required Documents
C1385,P1385,Aimee Turner,11627,"ID.pdf, Bill.pdf, ClaimForm.pdf",Eligible,All Checks Passed
C1386,P1386,Chad Scott,7400,"ClaimForm.pdf, Bill.pdf",Not Eligible,Missing Required Documents
C1387,P1387,Adam Burgess,4404,"Bill.pdf, ID.pdf, ClaimForm.pdf",Eligible,All Checks Passed
C1388,P1388,James Padilla,3999,"Bill.pdf, ID.pdf, ClaimForm.pdf",Not Eligible,Policy Inactive
C1389,P1389,Sandra Drake,12383,"ID.pdf, Bill.pdf",Not Eligible,Claim Exceeds Limit
C1390,P1390,Scott Williams,5587,"Bill.pdf, ClaimForm.pdf, ID.pdf",Eligible,All Checks Passed
C1391,P1391,Thomas Atkins,4970,"ClaimForm.pdf, Bill.pdf, ID.pdf",Eligible,All Checks Passed
C1392,P1392,Laura Mckinney,16245,"ClaimForm.pdf, Bill.pdf",Not Eligible,Claim Exceeds Limit
C1393,P1393,Brian Smith,6468,"Bill.pdf, ID.pdf",Not Eligible,Claim Exceeds Limit
C1394,P1394,Robert Montgomery,6308,"Bill.pdf, ID.pdf",Not Eligible,Missing Required Documents
C1395,P1395,Tamara Davis,8238,"ClaimForm.pdf, ID.pdf",Not Eligible,Missing Required Documents
C1396,P1396,Dana Chapman,16020,"ID.pdf, Bill.pdf, ClaimForm.pdf",Not Eligible,Claim Exceeds Limit
C1397,P1397,Jennifer Collins,15886,"ClaimForm.pdf, ID.pdf, Bill.pdf",Not Eligible,Claim Exceeds Limit
C1398,P1398,Gary Jackson,5428,"ClaimForm.pdf, Bill.pdf",Not Eligible,Missing Required Documents
C1399,P1399,Ashley Hicks,15873,"Bill.pdf, ID.pdf, ClaimForm.pdf",Not Eligible,Policy Inactive
C1400,P1400,Hannah Luna,11655,"Bill.pdf, ID.pdf, ClaimForm.pdf",Eligible,All Checks Passed
C1401,P1401,Robin Young,3613,"ID.pdf, Bill.pdf",Not Eligible,Missing Required Documents
C1402,P1402,Craig Morrison,5356,"ClaimForm.pdf, ID.pdf, Bill.pdf",Eligible,All Checks Passed
C1403,P1403,Mary Thompson,14313,"ClaimForm.pdf, ID.pdf",Not Eligible,Claim Exceeds Limit
C1404,P1404,Kathleen Webster,18086,"ID.pdf, ClaimForm.pdf, Bill.pdf",Not Eligible,Claim Exceeds Limit
C1405,P1405,Joann Glass,12930,"ID.pdf, Bill.pdf, ClaimForm.pdf",Not Eligible,Policy Inactive
C1406,P1406,Madison Weber,6734,"ID.pdf, Bill.pdf",Not Eligible,Missing Required Documents
C1407,P1407,Lori Hernandez,8257,"Bill.pdf, ID.pdf, ClaimForm.pdf",Eligible,All Checks Passed
C1408,P1408,Jeremy Turner,9158,"ClaimForm.pdf, ID.pdf, Bill.pdf",Eligible,All Checks Passed
C1409,P1409,Anthony Romero,11462,"ClaimForm.pdf, Bill.pdf, ID.pdf",Not Eligible,Claim Exceeds Limit
C1410,P1410,Jesse Brown,13194,"ClaimForm.pdf, Bill.pdf, ID.pdf",Not Eligible,Policy Inactive
C1411,P1411,Angela Lin,6158,"ClaimForm.pdf, Bill.pdf",Not Eligible,Missing Required Documents
C1412,P1412,Lisa Hunter,3541,"ClaimForm.pdf, ID.pdf, Bill.pdf",Eligible,All Checks Passed
C1413,P1413,Julian Conner,7488,"ID.pdf, Bill.pdf, ClaimForm.pdf",Eligible,All Checks Passed
C1414,P1414,Joanna Pacheco,8580,"ClaimForm.pdf, ID.pdf",Not Eligible,Claim Exceeds Limit
C1415,P1415,Erica Alvarez,11008,"ClaimForm.pdf, ID.pdf, Bill.pdf",Not Eligible,Policy Inactive
C1416,P1416,Antonio Garcia,8640,"ID.pdf, ClaimForm.pdf",Not Eligible,Claim Exceeds Limit
C1417,P1417,Gwendolyn Klein,12341,"ID.pdf, ClaimForm.pdf",Not Eligible,Missing Required Documents
C1418,P1418,Carrie Wright,8338,"ClaimForm.pdf, Bill.pdf",Not Eligible,Missing Required Documents
C1419,P1419,Jeffrey Mills,14103,"ID.pdf, Bill.pdf",Not Eligible,Claim Exceeds Limit
C1420,P1420,Jake Campbell,11409,"Bill.pdf, ClaimForm.pdf",Not Eligible,Missing Required Documents
C1421,P1421,George Harper,6883,"Bill.pdf, ClaimForm.pdf",Not Eligible,Claim Exceeds Limit
C1422,P1422,Maria Jones,22698,"ClaimForm.pdf, ID.pdf",Not Eligible,Claim Exceeds Limit
C1423,P1423,Michael Mitchell,22934,"Bill.pdf, ID.pdf, ClaimForm.pdf",Not Eligible,Claim Exceeds Limit
C1424,P1424,Mary Escobar,17671,"ID.pdf, Bill.pdf, ClaimForm.pdf",Not Eligible,Claim Exceeds Limit
C1425,P1425,Felicia Aguilar,10150,"ID.pdf, Bill.pdf, ClaimForm.pdf",Eligible,All Checks Passed
C1426,P1426,Gregory Ponce,3120,"Bill.pdf, ID.pdf, ClaimForm.pdf",Eligible,All Checks Passed
C1427,P1427,Jenna Larson,14213,"ID.pdf, ClaimForm.pdf",Not Eligible,Missing Required Documents
C1428,P1428,Emily Bennett,8509,"Bill.pdf, ID.pdf, ClaimForm.pdf",Not Eligible,Policy Inactive
C1429,P1429,Robin Santiago,7278,"ClaimForm.pdf, Bill.pdf, ID.pdf",Not Eligible,Policy Inactive
C1430,P1430,Nancy Jennings,3930,"Bill.pdf, ID.pdf, ClaimForm.pdf",Eligible,All Checks Passed
C1431,P1431,Maria Henderson,3834,"ID.pdf, Bill.pdf, ClaimForm.pdf",Eligible,All Checks Passed
C1432,P1432,Jack White,16257,"Bill.pdf, ClaimForm.pdf, ID.pdf",Eligible,All Checks Passed
C1433,P1433,Travis Tucker,8622,"Bill.pdf, ID.pdf",Not Eligible,Missing Required Documents
C1434,P1434,Chad Jones,14007,"Bill.pdf, ID.pdf, ClaimForm.pdf",Not Eligible,Policy Inactive
C1435,P1435,Ashley Wise,16773,"ID.pdf, ClaimForm.pdf",Not Eligible,Policy Inactive
C1436,P1436,Sophia Johnson,18426,"Bill.pdf, ID.pdf",Not Eligible,Claim Exceeds Limit
C1437,P1437,Ralph Anderson,21318,"Bill.pdf, ID.pdf",Not Eligible,Claim Exceeds Limit
C1438,P1438,Christopher Guerra,5926,"ID.pdf, ClaimForm.pdf",Not Eligible,Missing Required Documents
C1439,P1439,Rhonda Martin,8031,"ID.pdf, Bill.pdf, ClaimForm.pdf",Eligible,All Checks Passed
C1440,P1440,Jason Rhodes,7817,"ClaimForm.pdf, ID.pdf, Bill.pdf",Not Eligible,Claim Exceeds Limit
C1441,P1441,Jeremy Mitchell,12561,"ID.pdf, ClaimForm.pdf",Not Eligible,Claim Exceeds Limit
C1442,P1442,Joann Ferguson,11199,"Bill.pdf, ID.pdf",Not Eligible,Claim Exceeds Limit
C1443,P1443,Robert Harrison,11680,"ID.pdf, ClaimForm.pdf, Bill.pdf",Eligible,All Checks Passed
C1444,P1444,Holly Valentine,5250,"ID.pdf, Bill.pdf",Not Eligible,Missing Required Documents
C1445,P1445,Mrs. Diane Reyes,12329,"ClaimForm.pdf, ID.pdf, Bill.pdf",Not Eligible,Claim Exceeds Limit
C1446,P1446,Tracy Montoya,4324,"ID.pdf, ClaimForm.pdf, Bill.pdf",Eligible,All Checks Passed
C1447,P1447,Brenda Wright,13395,"ClaimForm.pdf, ID.pdf",Not Eligible,Claim Exceeds Limit
C1448,P1448,Shelly Spencer,7481,"ClaimForm.pdf, Bill.pdf",Not Eligible,Missing Required Documents
C1449,P1449,Ryan Rosales,19042,"ClaimForm.pdf, ID.pdf",Not Eligible,Policy Inactive
C1450,P1450,Phillip Nelson,17070,"ID.pdf, Bill.pdf, ClaimForm.pdf",Not Eligible,Claim Exceeds Limit
C1451,P1451,Brittany Kim,3076,"Bill.pdf, ClaimForm.pdf",Not Eligible,Missing Required Documents
C1452,P1452,Courtney Hayes,14971,"ClaimForm.pdf, ID.pdf, Bill.pdf",Not Eligible,Claim Exceeds Limit
C1453,P1453,Alexander Brown,3293,"Bill.pdf, ClaimForm.pdf",Not Eligible,Missing Required Documents
C1454,P1454,Cynthia Vang,10414,"ID.pdf, ClaimForm.pdf, Bill.pdf",Not Eligible,Policy Inactive
C1455,P1455,Alfred Galvan,6142,"ClaimForm.pdf, Bill.pdf, ID.pdf",Not Eligible,Claim Exceeds Limit
C1456,P1456,Marie Moody,7885,"ID.pdf, Bill.pdf, ClaimForm.pdf",Eligible,All Checks Passed
C1457,P1457,Dustin Gallegos,7384,"ID.pdf, Bill.pdf, ClaimForm.pdf",Eligible,All Checks Passed
C1458,P1458,Brenda Thornton,5701,"ClaimForm.pdf, Bill.pdf, ID.pdf",Eligible,All Checks Passed
C1459,P1459,Aaron Miller,14913,"ClaimForm.pdf, Bill.pdf",Not Eligible,Claim Exceeds Limit
C1460,P1460,Ruben Dunn,19535,"ClaimForm.pdf, ID.pdf",Not Eligible,Claim Exceeds Limit
C1461,P1461,Kelsey Rodriguez,13658,"ID.pdf, Bill.pdf",Not Eligible,Claim Exceeds Limit
C1462,P1462,Eric Williams,15636,"Bill.pdf, ClaimForm.pdf",Not Eligible,Claim Exceeds Limit
C1463,P1463,Riley Bryant,6542,"ClaimForm.pdf, Bill.pdf",Not Eligible,Missing Required Documents
C1464,P1464,Taylor Carlson,9828,"ID.pdf, ClaimForm.pdf, Bill.pdf",Eligible,All Checks Passed
C1465,P1465,Jose Allen,18545,"ClaimForm.pdf, Bill.pdf",Not Eligible,Claim Exceeds Limit
C1466,P1466,Jeffrey Mendez,7933,"Bill.pdf, ClaimForm.pdf, ID.pdf",Not Eligible,Claim Exceeds Limit
C1467,P1467,Jason Beck,7494,"ClaimForm.pdf, Bill.pdf, ID.pdf",Eligible,All Checks Passed
C1468,P1468,William Jones,6735,"ID.pdf, ClaimForm.pdf",Not Eligible,Policy Inactive
C1469,P1469,Katie Mcneil,7988,"ID.pdf, ClaimForm.pdf",Not Eligible,Claim Exceeds Limit
C1470,P1470,Jeanette Harrison,14728,"ID.pdf, ClaimForm.pdf, Bill.pdf",Not Eligible,Policy Inactive
C1471,P1471,Veronica King,19264,"Bill.pdf, ID.pdf",Not Eligible,Policy Inactive
C1472,P1472,Richard Cooper,13833,"ClaimForm.pdf, Bill.pdf",Not Eligible,Missing Required Documents
C1473,P1473,Lori Ingram,14004,"ClaimForm.pdf, ID.pdf",Not Eligible,Claim Exceeds Limit
C1474,P1474,Evelyn Williams,5443,"Bill.pdf, ClaimForm.pdf",Not Eligible,Missing Required Documents
C1475,P1475,Robin Thompson,6319,"Bill.pdf, ClaimForm.pdf, ID.pdf",Eligible,All Checks Passed
C1476,P1476,Julie Dominguez,12700,"ID.pdf, ClaimForm.pdf, Bill.pdf",Eligible,All Checks Passed
C1477,P1477,Robin Brown,5862,"ID.pdf, Bill.pdf",Not Eligible,Missing Required Documents
C1478,P1478,Judith Carter,16133,"ID.pdf, ClaimForm.pdf, Bill.pdf",Not Eligible,Claim Exceeds Limit
C1479,P1479,Curtis Williams,4503,"ClaimForm.pdf, Bill.pdf",Not Eligible,Missing Required Documents
C1480,P1480,Kaylee Hays,8384,"ID.pdf, Bill.pdf, ClaimForm.pdf",Not Eligible,Claim Exceeds Limit
C1481,P1481,Dawn Mullins,15210,"ClaimForm.pdf, Bill.pdf, ID.pdf",Eligible,All Checks Passed
C1482,P1482,Howard Norman,16115,"ID.pdf, Bill.pdf, ClaimForm.pdf",Not Eligible,Claim Exceeds Limit
C1483,P1483,Evelyn Martinez,16819,"ClaimForm.pdf, Bill.pdf",Not Eligible,Policy Inactive
C1484,P1484,Steve Paul,8703,"ClaimForm.pdf, Bill.pdf",Not Eligible,Claim Exceeds Limit
C1485,P1485,Jasmine Beltran,9816,"Bill.pdf, ID.pdf, ClaimForm.pdf",Eligible,All Checks Passed
C1486,P1486,Jonathan Glass MD,9221,"Bill.pdf, ClaimForm.pdf, ID.pdf",Not Eligible,Claim Exceeds Limit
C1487,P1487,Monica Miller,10914,"ClaimForm.pdf, ID.pdf, Bill.pdf",Not Eligible,Policy Inactive
C1488,P1488,Samantha Gardner,4506,"ID.pdf, Bill.pdf",Not Eligible,Policy Inactive
C1489,P1489,Bobby Guerrero,3405,"Bill.pdf, ID.pdf",Not Eligible,Policy Inactive
C1490,P1490,Lance Simmons,11504,"ID.pdf, ClaimForm.pdf",Not Eligible,Policy Inactive
C1491,P1491,Heather Williams,10895,"Bill.pdf, ID.pdf, ClaimForm.pdf",Not Eligible,Claim Exceeds Limit
C1492,P1492,Heather Bolton,4788,"Bill.pdf, ClaimForm.pdf",Not Eligible,Missing Required Documents
C1493,P1493,William Gould,19566,"ID.pdf, ClaimForm.pdf, Bill.pdf",Not Eligible,Claim Exceeds Limit
C1494,P1494,Mark Cox,9155,"ID.pdf, ClaimForm.pdf, Bill.pdf",Not Eligible,Claim Exceeds Limit
C1495,P1495,Meghan Cisneros,18894,"ClaimForm.pdf, Bill.pdf, ID.pdf",Not Eligible,Claim Exceeds Limit
C1496,P1496,Lawrence Harrington,9607,"ClaimForm.pdf, ID.pdf",Not Eligible,Missing Required Documents
C1497,P1497,Austin Osborne,17555,"ClaimForm.pdf, ID.pdf, Bill.pdf",Not Eligible,Claim Exceeds Limit
C1498,P1498,James Bradley,5589,"ID.pdf, ClaimForm.pdf",Not Eligible,Claim Exceeds Limit
C1499,P1499,Meghan Rush,6363,"ID.pdf, ClaimForm.pdf, Bill.pdf",Not Eligible,Policy Inactive
C1500,P1500,Phillip Berry,5978,"Bill.pdf, ClaimForm.pdf, ID.pdf",Eligible,All Checks Passed
C1501,P1501,Jennifer Banks,18570,"ID.pdf, ClaimForm.pdf, Bill.pdf",Not Eligible,Claim Exceeds Limit
C1502,P1502,Brian Fitzgerald,10445,"Bill.pdf, ID.pdf, ClaimForm.pdf",Eligible,All Checks Passed
C1503,P1503,Mr. Justin Green III,17828,"ClaimForm.pdf, Bill.pdf",Not Eligible,Missing Required Documents
C1504,P1504,Zachary Mitchell,3035,"ID.pdf, Bill.pdf, ClaimForm.pdf",Not Eligible,Policy Inactive
C1505,P1505,Katherine Martinez,6483,"ClaimForm.pdf, ID.pdf",Not Eligible,Policy Inactive
C1506,P1506,Jodi Roach,5301,"ClaimForm.pdf, ID.pdf, Bill.pdf",Not Eligible,Policy Inactive
C1507,P1507,Brandon Fleming,6072,"ID.pdf, ClaimForm.pdf",Not Eligible,Policy Inactive
C1508,P1508,Emma Reed,10488,"Bill.pdf, ID.pdf",Not Eligible,Claim Exceeds Limit
C1509,P1509,Joshua Vance,4765,"ClaimForm.pdf, Bill.pdf, ID.pdf",Eligible,All Checks Passed
C1510,P1510,Michelle Ho,10493,"ID.pdf, ClaimForm.pdf",Not Eligible,Policy Inactive
C1511,P1511,Rebecca Hicks,11689,"Bill.pdf, ID.pdf",Not Eligible,Claim Exceeds Limit
C1512,P1512,Curtis Taylor,18824,"Bill.pdf, ClaimForm.pdf",Not Eligible,Claim Exceeds Limit
C1513,P1513,Allison Spencer,7206,"ID.pdf, Bill.pdf",Not Eligible,Missing Required Documents
C1514,P1514,Robert Arnold,7129,"ID.pdf, ClaimForm.pdf, Bill.pdf",Not Eligible,Claim Exceeds Limit
C1515,P1515,Angelica Parker,16037,"ID.pdf, Bill.pdf, ClaimForm.pdf",Eligible,All Checks Passed
C1516,P1516,Dr. Kelly Hammond DVM,5263,"Bill.pdf, ID.pdf, ClaimForm.pdf",Not Eligible,Policy Inactive
C1517,P1517,William Day,14663,"ClaimForm.pdf, Bill.pdf",Not Eligible,Policy Inactive
C1518,P1518,Michael Cooper,8113,"Bill.pdf, ID.pdf, ClaimForm.pdf",Not Eligible,Claim Exceeds Limit
C1519,P1519,Penny Bowman,14639,"Bill.pdf, ID.pdf",Not Eligible,Claim Exceeds Limit
C1520,P1520,Vincent Reynolds,6781,"Bill.pdf, ID.pdf, ClaimForm.pdf",Not Eligible,Policy Inactive
C1521,P1521,Amy Martinez,14046,"ID.pdf, ClaimForm.pdf, Bill.pdf",Not Eligible,Policy Inactive
C1522,P1522,Christopher Morris,3414,"ClaimForm.pdf, Bill.pdf, ID.pdf",Not Eligible,Policy Inactive
C1523,P1523,Hannah Everett,6275,"ClaimForm.pdf, ID.pdf, Bill.pdf",Eligible,All Checks Passed
C1524,P1524,Sarah King,7798,"Bill.pdf, ID.pdf",Not Eligible,Missing Required Documents
C1525,P1525,Krista Martinez,6342,"ID.pdf, Bill.pdf",Not Eligible,Missing Required Documents
C1526,P1526,Joseph Shaw,6358,"Bill.pdf, ID.pdf",Not Eligible,Policy Inactive
C1527,P1527,Todd Moore,10785,"Bill.pdf, ClaimForm.pdf, ID.pdf",Eligible,All Checks Passed
C1528,P1528,Michelle Jacobs,9349,"Bill.pdf, ID.pdf, ClaimForm.pdf",Eligible,All Checks Passed
C1529,P1529,Kristy Bryan,3424,"ClaimForm.pdf, ID.pdf, Bill.pdf",Eligible,All Checks Passed
C1530,P1530,Angel May,13383,"Bill.pdf, ClaimForm.pdf, ID.pdf",Not Eligible,Claim Exceeds Limit
C1531,P1531,Marilyn Wang,12639,"ClaimForm.pdf, Bill.pdf, ID.pdf",Eligible,All Checks Passed
C1532,P1532,Mark Jimenez,5847,"ID.pdf, ClaimForm.pdf",Not Eligible,Policy Inactive
C1533,P1533,Donna Frye,17041,"Bill.pdf, ID.pdf, ClaimForm.pdf",Not Eligible,Claim Exceeds Limit
C1534,P1534,Dr. Michael Evans,8273,"ClaimForm.pdf, ID.pdf, Bill.pdf",Eligible,All Checks Passed
C1535,P1535,Anthony Gonzales,14627,"ClaimForm.pdf, Bill.pdf",Not Eligible,Policy Inactive
C1536,P1536,Mr. Lawrence Edwards,8285,"Bill.pdf, ID.pdf",Not Eligible,Policy Inactive
C1537,P1537,Morgan Valencia,19074,"ClaimForm.pdf, ID.pdf, Bill.pdf",Not Eligible,Claim Exceeds Limit
C1538,P1538,Bianca Wood,6012,"Bill.pdf, ClaimForm.pdf",Not Eligible,Missing Required Documents
C1539,P1539,Emma Owens,9814,"ClaimForm.pdf, ID.pdf, Bill.pdf",Not Eligible,Policy Inactive
C1540,P1540,David Davis,9991,"ID.pdf, Bill.pdf, ClaimForm.pdf",Eligible,All Checks Passed
C1541,P1541,James Gilbert,10158,"Bill.pdf, ClaimForm.pdf, ID.pdf",Eligible,All Checks Passed
C1542,P1542,Sean Moore,14337,"ClaimForm.pdf, Bill.pdf, ID.pdf",Eligible,All Checks Passed
C1543,P1543,Kenneth Edwards,8258,"ClaimForm.pdf, ID.pdf, Bill.pdf",Not Eligible,Claim Exceeds Limit
C1544,P1544,Kathleen Robertson,20702,"ClaimForm.pdf, ID.pdf, Bill.pdf",Not Eligible,Claim Exceeds Limit
C1545,P1545,Mr. Alexander Landry MD,10975,"ID.pdf, ClaimForm.pdf",Not Eligible,Policy Inactive
C1546,P1546,Cindy Gomez,8248,"ClaimForm.pdf, Bill.pdf",Not Eligible,Missing Required Documents
C1547,P1547,Johnny Khan,20628,"Bill.pdf, ClaimForm.pdf",Not Eligible,Claim Exceeds Limit
C1548,P1548,Julie Herrera,9906,"Bill.pdf, ID.pdf",Not Eligible,Missing Required Documents
C1549,P1549,Jessica Khan,4702,"Bill.pdf, ID.pdf",Not Eligible,Policy Inactive
C1550,P1550,Pamela Diaz,5363,"ClaimForm.pdf, ID.pdf",Not Eligible,Policy Inactive
C1551,P1551,Kelly Lee,13869,"ClaimForm.pdf, Bill.pdf",Not Eligible,Missing Required Documents
C1552,P1552,Angel Gordon,3889,"ID.pdf, ClaimForm.pdf",Not Eligible,Missing Required Documents
C1553,P1553,Diana Hays,7710,"ID.pdf, Bill.pdf",Not Eligible,Claim Exceeds Limit
C1554,P1554,Barbara Hester,15715,"Bill.pdf, ID.pdf, ClaimForm.pdf",Eligible,All Checks Passed
C1555,P1555,Robert Morgan,8183,"ID.pdf, ClaimForm.pdf",Not Eligible,Policy Inactive
C1556,P1556,Nicole Gonzalez,11762,"Bill.pdf, ClaimForm.pdf",Not Eligible,Missing Required Documents
C1557,P1557,Kathryn Williams,22189,"Bill.pdf, ClaimForm.pdf",Not Eligible,Policy Inactive
C1558,P1558,Gary Wells,14721,"ID.pdf, Bill.pdf",Not Eligible,Missing Required Documents
C1559,P1559,Larry Robertson,4417,"ID.pdf, Bill.pdf, ClaimForm.pdf",Eligible,All Checks Passed
C1560,P1560,Louis Martin,24650,"ID.pdf, ClaimForm.pdf",Not Eligible,Claim Exceeds Limit
C1561,P1561,Nancy Evans MD,11740,"ClaimForm.pdf, ID.pdf",Not Eligible,Claim Exceeds Limit
C1562,P1562,Kim Erickson,11941,"Bill.pdf, ClaimForm.pdf, ID.pdf",Not Eligible,Claim Exceeds Limit
C1563,P1563,Robert Richardson,14096,"ClaimForm.pdf, Bill.pdf, ID.pdf",Not Eligible,Claim Exceeds Limit
C1564,P1564,Veronica Silva,3684,"Bill.pdf, ID.pdf",Not Eligible,Missing Required Documents
C1565,P1565,Molly Watts,20601,"ID.pdf, ClaimForm.pdf",Not Eligible,Claim Exceeds Limit
C1566,P1566,John Coffey,8633,"ID.pdf, ClaimForm.pdf",Not Eligible,Claim Exceeds Limit
C1567,P1567,Paula Lane,8274,"ClaimForm.pdf, ID.pdf",Not Eligible,Missing Required Documents
C1568,P1568,Lauren Jackson,9367,"ClaimForm.pdf, Bill.pdf",Not Eligible,Policy Inactive
C1569,P1569,Lisa Randall,16949,"Bill.pdf, ClaimForm.pdf, ID.pdf",Not Eligible,Claim Exceeds Limit
C1570,P1570,Michael Johnson,4103,"ClaimForm.pdf, Bill.pdf, ID.pdf",Not Eligible,Policy Inactive
C1571,P1571,Ashley Smith,13841,"ClaimForm.pdf, Bill.pdf, ID.pdf",Eligible,All Checks Passed
C1572,P1572,Christian Vaughn,7671,"ClaimForm.pdf, ID.pdf",Not Eligible,Missing Required Documents
C1573,P1573,Reginald Knapp,18920,"ID.pdf, Bill.pdf, ClaimForm.pdf",Eligible,All Checks Passed
C1574,P1574,Nancy Brown,21532,"ID.pdf, Bill.pdf, ClaimForm.pdf",Not Eligible,Policy Inactive
C1575,P1575,Daniel Nguyen,3079,"ClaimForm.pdf, Bill.pdf, ID.pdf",Eligible,All Checks Passed
C1576,P1576,Kelly Edwards,7533,"ClaimForm.pdf, ID.pdf, Bill.pdf",Eligible,All Checks Passed
C1577,P1577,Thomas Peterson,18166,"ID.pdf, Bill.pdf, ClaimForm.pdf",Not Eligible,Policy Inactive
C1578,P1578,Raymond Le,12038,"ClaimForm.pdf, Bill.pdf",Not Eligible,Claim Exceeds Limit
C1579,P1579,Melissa Bishop,16791,"ClaimForm.pdf, Bill.pdf, ID.pdf",Not Eligible,Claim Exceeds Limit
C1580,P1580,David Grant,4252,"ClaimForm.pdf, Bill.pdf",Not Eligible,Policy Inactive
C1581,P1581,William Evans,22067,"Bill.pdf, ClaimForm.pdf, ID.pdf",Not Eligible,Policy Inactive
C1582,P1582,Daniel Bush,12037,"Bill.pdf, ID.pdf, ClaimForm.pdf",Not Eligible,Claim Exceeds Limit
C1583,P1583,Gregory Peck,8993,"ClaimForm.pdf, ID.pdf, Bill.pdf",Eligible,All Checks Passed
C1584,P1584,Denise Martinez,18227,"ID.pdf, Bill.pdf",Not Eligible,Claim Exceeds Limit
C1585,P1585,Jamie Baird,19455,"Bill.pdf, ClaimForm.pdf",Not Eligible,Claim Exceeds Limit
C1586,P1586,Tina Ballard,13060,"Bill.pdf, ClaimForm.pdf",Not Eligible,Claim Exceeds Limit
C1587,P1587,Dwayne Klein,17621,"ClaimForm.pdf, Bill.pdf",Not Eligible,Missing Required Documents
C1588,P1588,Jeremy Scott,18843,"ClaimForm.pdf, Bill.pdf, ID.pdf",Not Eligible,Claim Exceeds Limit
C1589,P1589,Dale Ryan,10593,"ID.pdf, Bill.pdf",Not Eligible,Policy Inactive
C1590,P1590,Melissa Taylor,6834,"Bill.pdf, ClaimForm.pdf",Not Eligible,Missing Required Documents
C1591,P1591,Laurie Sanchez,19970,"ID.pdf, Bill.pdf, ClaimForm.pdf",Not Eligible,Policy Inactive
C1592,P1592,Kiara Little,4521,"Bill.pdf, ID.pdf",Not Eligible,Missing Required Documents
C1593,P1593,Jason Love,6382,"Bill.pdf, ID.pdf, ClaimForm.pdf",Eligible,All Checks Passed
C1594,P1594,Randy Smith,15342,"ID.pdf, ClaimForm.pdf, Bill.pdf",Eligible,All Checks Passed
C1595,P1595,Tanya Russell,9165,"Bill.pdf, ID.pdf",Not Eligible,Claim Exceeds Limit
C1596,P1596,Sherry Woods,14563,"ID.pdf, Bill.pdf, ClaimForm.pdf",Eligible,All Checks Passed
C1597,P1597,Victor Morris,19444,"ID.pdf, ClaimForm.pdf",Not Eligible,Claim Exceeds Limit
C1598,P1598,Susan Davis,10536,"Bill.pdf, ID.pdf",Not Eligible,Policy Inactive
C1599,P1599,Kimberly Sharp,9930,"ClaimForm.pdf, Bill.pdf",Not Eligible,Missing Required Documents
C1600,P1600,Susan Thompson,8934,"Bill.pdf, ClaimForm.pdf",Not Eligible,Missing Required Documents
C1601,P1601,Casey Gillespie,6396,"Bill.pdf, ClaimForm.pdf, ID.pdf",Not Eligible,Claim Exceeds Limit
C1602,P1602,Jennifer Simpson DVM,18689,"ClaimForm.pdf, Bill.pdf, ID.pdf",Not Eligible,Claim Exceeds Limit
C1603,P1603,Tammy Mcdowell,3735,"ClaimForm.pdf, Bill.pdf",Not Eligible,Missing Required Documents
C1604,P1604,Keith Rodriguez,21792,"ClaimForm.pdf, Bill.pdf",Not Eligible,Claim Exceeds Limit
C1605,P1605,Mrs. Virginia Daniels,12376,"ClaimForm.pdf, Bill.pdf",Not Eligible,Claim Exceeds Limit
C1606,P1606,Todd Rosales MD,7231,"Bill.pdf, ID.pdf",Not Eligible,Missing Required Documents
C1607,P1607,Brian Martin,12819,"Bill.pdf, ID.pdf",Not Eligible,Policy Inactive
C1608,P1608,David Lopez,5809,"ID.pdf, Bill.pdf",Not Eligible,Missing Required Documents
C1609,P1609,Rachel Bradley,10891,"ClaimForm.pdf, ID.pdf",Not Eligible,Claim Exceeds Limit
C1610,P1610,Casey Chase,22688,"Bill.pdf, ClaimForm.pdf",Not Eligible,Claim Exceeds Limit
C1611,P1611,Samantha Robertson,19738,"ClaimForm.pdf, ID.pdf, Bill.pdf",Not Eligible,Policy Inactive
C1612,P1612,Michael Lopez,22547,"ClaimForm.pdf, ID.pdf",Not Eligible,Claim Exceeds Limit
C1613,P1613,Franklin Wright,9315,"ClaimForm.pdf, Bill.pdf",Not Eligible,Claim Exceeds Limit
C1614,P1614,David Molina,6315,"ClaimForm.pdf, Bill.pdf, ID.pdf",Not Eligible,Claim Exceeds Limit
C1615,P1615,Elizabeth Sharp,10796,"Bill.pdf, ClaimForm.pdf",Not Eligible,Claim Exceeds Limit
C1616,P1616,Matthew Schwartz,6053,"Bill.pdf, ClaimForm.pdf, ID.pdf",Not Eligible,Policy Inactive
C1617,P1617,Bryan Parker,15695,"Bill.pdf, ID.pdf, ClaimForm.pdf",Not Eligible,Claim Exceeds Limit
C1618,P1618,Jonathan Jacobson,4423,"ClaimForm.pdf, ID.pdf, Bill.pdf",Not Eligible,Policy Inactive
C1619,P1619,Emily Wilson,8742,"ID.pdf, ClaimForm.pdf",Not Eligible,Claim Exceeds Limit
C1620,P1620,Elizabeth Mendez,5085,"ClaimForm.pdf, Bill.pdf, ID.pdf",Eligible,All Checks Passed
C1621,P1621,Casey Hernandez,11908,"ID.pdf, ClaimForm.pdf, Bill.pdf",Not Eligible,Claim Exceeds Limit
C1622,P1622,Lisa Perry,3233,"Bill.pdf, ClaimForm.pdf",Not Eligible,Missing Required Documents
C1623,P1623,Kaitlin Medina,9144,"Bill.pdf, ID.pdf",Not Eligible,Missing Required Documents
C1624,P1624,Colleen Wright,16397,"ClaimForm.pdf, Bill.pdf, ID.pdf",Eligible,All Checks Passed
C1625,P1625,Shelley Miller,13675,"ID.pdf, Bill.pdf, ClaimForm.pdf",Not Eligible,Claim Exceeds Limit
C1626,P1626,Michael Miller,13025,"Bill.pdf, ID.pdf, ClaimForm.pdf",Not Eligible,Claim Exceeds Limit
C1627,P1627,Amy Kelley,16540,"ClaimForm.pdf, ID.pdf, Bill.pdf",Not Eligible,Claim Exceeds Limit
C1628,P1628,Laura Hernandez,7157,"Bill.pdf, ID.pdf, ClaimForm.pdf",Not Eligible,Policy Inactive
C1629,P1629,Joseph Wilson,7524,"Bill.pdf, ClaimForm.pdf",Not Eligible,Missing Required Documents
C1630,P1630,Kevin Davis,6658,"ClaimForm.pdf, Bill.pdf",Not Eligible,Claim Exceeds Limit
C1631,P1631,Rhonda Chavez,11328,"ID.pdf, ClaimForm.pdf, Bill.pdf",Eligible,All Checks Passed
C1632,P1632,Joyce Brown,9375,"ClaimForm.pdf, Bill.pdf",Not Eligible,Policy Inactive
C1633,P1633,Robert Cummings,10727,"ClaimForm.pdf, Bill.pdf, ID.pdf",Not Eligible,Claim Exceeds Limit
C1634,P1634,Robert Reese,4816,"ClaimForm.pdf, Bill.pdf, ID.pdf",Eligible,All Checks Passed
C1635,P1635,Amber Cooper,9564,"Bill.pdf, ClaimForm.pdf, ID.pdf",Eligible,All Checks Passed
C1636,P1636,Zachary Michael,13490,"ID.pdf, ClaimForm.pdf, Bill.pdf",Not Eligible,Claim Exceeds Limit
C1637,P1637,Timothy Johnson,11489,"ClaimForm.pdf, Bill.pdf, ID.pdf",Not Eligible,Policy Inactive
C1638,P1638,Randy Cannon,13079,"Bill.pdf, ClaimForm.pdf",Not Eligible,Claim Exceeds Limit
C1639,P1639,Maria Fisher,14787,"Bill.pdf, ClaimForm.pdf",Not Eligible,Missing Required Documents
C1640,P1640,Janet Kane DVM,5579,"ID.pdf, Bill.pdf",Not Eligible,Missing Required Documents
C1641,P1641,Michael Stanley,14571,"ID.pdf, ClaimForm.pdf, Bill.pdf",Eligible,All Checks Passed
C1642,P1642,Martha Bailey,5248,"Bill.pdf, ID.pdf",Not Eligible,Missing Required Documents
C1643,P1643,Joshua Rice,8703,"ID.pdf, ClaimForm.pdf, Bill.pdf",Not Eligible,Claim Exceeds Limit
C1644,P1644,Courtney Smith,17901,"Bill.pdf, ClaimForm.pdf, ID.pdf",Not Eligible,Policy Inactive
C1645,P1645,Edwin Nunez,5867,"Bill.pdf, ClaimForm.pdf, ID.pdf",Eligible,All Checks Passed
C1646,P1646,Kim Morrow,11243,"ID.pdf, ClaimForm.pdf, Bill.pdf",Not Eligible,Claim Exceeds Limit
C1647,P1647,Gregory Hill,11813,"Bill.pdf, ID.pdf, ClaimForm.pdf",Eligible,All Checks Passed
C1648,P1648,Molly Rodriguez,21453,"ClaimForm.pdf, ID.pdf, Bill.pdf",Not Eligible,Policy Inactive
C1649,P1649,Jennifer Miranda,18096,"ID.pdf, ClaimForm.pdf",Not Eligible,Claim Exceeds Limit
C1650,P1650,Alexis Harris,11448,"ID.pdf, ClaimForm.pdf",Not Eligible,Missing Required Documents
C1651,P1651,Andrew Harper,14090,"ID.pdf, Bill.pdf",Not Eligible,Policy Inactive
C1652,P1652,Amber Yang,8785,"Bill.pdf, ID.pdf",Not Eligible,Missing Required Documents
C1653,P1653,David Robinson,7067,"ClaimForm.pdf, ID.pdf, Bill.pdf",Not Eligible,Claim Exceeds Limit
C1654,P1654,Amy Gordon,5491,"ID.pdf, Bill.pdf",Not Eligible,Policy Inactive
C1655,P1655,Robert Dennis,14584,"Bill.pdf, ID.pdf",Not Eligible,Missing Required Documents
C1656,P1656,Kyle Chambers,8989,"ID.pdf, ClaimForm.pdf",Not Eligible,Missing Required Documents
C1657,P1657,Eric Thomas,4923,"ID.pdf, ClaimForm.pdf",Not Eligible,Missing Required Documents
C1658,P1658,Connie Turner,6755,"ClaimForm.pdf, ID.pdf",Not Eligible,Missing Required Documents
C1659,P1659,Travis Hobbs,5555,"ClaimForm.pdf, Bill.pdf",Not Eligible,Missing Required Documents
C1660,P1660,Lori Simmons,11071,"Bill.pdf, ClaimForm.pdf",Not Eligible,Claim Exceeds Limit
C1661,P1661,William David DDS,18803,"Bill.pdf, ID.pdf, ClaimForm.pdf",Not Eligible,Claim Exceeds Limit
C1662,P1662,Emma Butler,12002,"ClaimForm.pdf, ID.pdf, Bill.pdf",Eligible,All Checks Passed
C1663,P1663,James Webster,10277,"ClaimForm.pdf, ID.pdf",Not Eligible,Missing Required Documents
C1664,P1664,Samuel Turner,18673,"Bill.pdf, ID.pdf",Not Eligible,Claim Exceeds Limit
C1665,P1665,Renee Melendez,15901,"ID.pdf, ClaimForm.pdf",Not Eligible,Missing Required Documents
C1666,P1666,Tracy Grant,14440,"ID.pdf, ClaimForm.pdf, Bill.pdf",Not Eligible,Claim Exceeds Limit
C1667,P1667,David Harris,6452,"Bill.pdf, ClaimForm.pdf, ID.pdf",Not Eligible,Policy Inactive
C1668,P1668,Tammy Boone,8924,"ClaimForm.pdf, ID.pdf, Bill.pdf",Not Eligible,Policy Inactive
C1669,P1669,Nathaniel Lee,7413,"Bill.pdf, ID.pdf, ClaimForm.pdf",Eligible,All Checks Passed
C1670,P1670,Michael Morrison,9026,"ID.pdf, ClaimForm.pdf, Bill.pdf",Eligible,All Checks Passed
C1671,P1671,Chelsea Gill,8740,"ID.pdf, Bill.pdf, ClaimForm.pdf",Not Eligible,Claim Exceeds Limit
C1672,P1672,Kristin Mendoza,17769,"Bill.pdf, ClaimForm.pdf",Not Eligible,Missing Required Documents
C1673,P1673,Felicia Krueger,12435,"ClaimForm.pdf, ID.pdf",Not Eligible,Claim Exceeds Limit
C1674,P1674,Timothy Hayden,6863,"ID.pdf, ClaimForm.pdf, Bill.pdf",Eligible,All Checks Passed
C1675,P1675,Zachary Mendoza,7900,"ClaimForm.pdf, Bill.pdf, ID.pdf",Eligible,All Checks Passed
C1676,P1676,Larry Harris,11185,"Bill.pdf, ID.pdf",Not Eligible,Claim Exceeds Limit
C1677,P1677,Kristen Rowe,15866,"ID.pdf, Bill.pdf, ClaimForm.pdf",Not Eligible,Claim Exceeds Limit
C1678,P1678,Joseph Howard,9527,"Bill.pdf, ClaimForm.pdf",Not Eligible,Missing Required Documents
C1679,P1679,Jose Crawford,3983,"ID.pdf, Bill.pdf",Not Eligible,Missing Required Documents
C1680,P1680,William Harrison,13319,"ID.pdf, Bill.pdf",Not Eligible,Claim Exceeds Limit
C1681,P1681,Suzanne Wood,5128,"ID.pdf, Bill.pdf, ClaimForm.pdf",Not Eligible,Policy Inactive
C1682,P1682,Justin Walker,3649,"ClaimForm.pdf, ID.pdf, Bill.pdf",Eligible,All Checks Passed
C1683,P1683,Dean Donovan,12451,"ID.pdf, Bill.pdf",Not Eligible,Policy Inactive
C1684,P1684,Jennifer Hernandez,13652,"Bill.pdf, ID.pdf, ClaimForm.pdf",Eligible,All Checks Passed
C1685,P1685,James Whitaker,6121,"ID.pdf, ClaimForm.pdf, Bill.pdf",Not Eligible,Policy Inactive
C1686,P1686,Mr. Michael Scott PhD,14055,"Bill.pdf, ID.pdf, ClaimForm.pdf",Not Eligible,Policy Inactive
C1687,P1687,Maria Henry,5592,"ID.pdf, ClaimForm.pdf",Not Eligible,Missing Required Documents
C1688,P1688,Robert Jackson,13272,"Bill.pdf, ID.pdf, ClaimForm.pdf",Eligible,All Checks Passed
C1689,P1689,Katherine Stark,9479,"ID.pdf, Bill.pdf, ClaimForm.pdf",Not Eligible,Policy Inactive
C1690,P1690,Maria Brown,9782,"ClaimForm.pdf, Bill.pdf",Not Eligible,Policy Inactive
C1691,P1691,Ryan Landry,4024,"Bill.pdf, ID.pdf",Not Eligible,Missing Required Documents
C1692,P1692,Pamela Gutierrez,5623,"ClaimForm.pdf, ID.pdf",Not Eligible,Missing Required Documents
C1693,P1693,Crystal Mann,4687,"ClaimForm.pdf, ID.pdf",Not Eligible,Missing Required Documents
C1694,P1694,Jonathan Brooks,11985,"ClaimForm.pdf, ID.pdf",Not Eligible,Claim Exceeds Limit
C1695,P1695,Mary Jensen,11584,"ClaimForm.pdf, ID.pdf",Not Eligible,Policy Inactive
C1696,P1696,Mr. Aaron Arnold,13126,"ClaimForm.pdf, ID.pdf",Not Eligible,Missing Required Documents
C1697,P1697,Joseph Hill,8068,"ClaimForm.pdf, ID.pdf",Not Eligible,Claim Exceeds Limit
C1698,P1698,Alicia Li,10260,"ClaimForm.pdf, Bill.pdf",Not Eligible,Claim Exceeds Limit
C1699,P1699,Renee Browning,3936,"Bill.pdf, ID.pdf",Not Eligible,Policy Inactive
C1700,P1700,Brent Hernandez,17096,"ID.pdf, Bill.pdf, ClaimForm.pdf",Not Eligible,Policy Inactive
C1701,P1701,Joseph Ochoa,11987,"ClaimForm.pdf, Bill.pdf, ID.pdf",Not Eligible,Claim Exceeds Limit
C1702,P1702,James Watson,23678,"Bill.pdf, ID.pdf, ClaimForm.pdf",Not Eligible,Claim Exceeds Limit
C1703,P1703,Karl Branch,10891,"ClaimForm.pdf, ID.pdf",Not Eligible,Claim Exceeds Limit
C1704,P1704,Michael Abbott,8044,"ID.pdf, Bill.pdf, ClaimForm.pdf",Not Eligible,Policy Inactive
C1705,P1705,Shannon Malone,7973,"ClaimForm.pdf, Bill.pdf",Not Eligible,Claim Exceeds Limit
C1706,P1706,James Tran,8634,"ID.pdf, ClaimForm.pdf, Bill.pdf",Eligible,All Checks Passed
C1707,P1707,Adam Jackson,15377,"ID.pdf, ClaimForm.pdf, Bill.pdf",Not Eligible,Claim Exceeds Limit
C1708,P1708,Mr. Richard Knight PhD,12598,"ClaimForm.pdf, ID.pdf",Not Eligible,Policy Inactive
C1709,P1709,Joseph Williams,4544,"Bill.pdf, ID.pdf, ClaimForm.pdf",Not Eligible,Policy Inactive
C1710,P1710,Sean Clay,7094,"Bill.pdf, ID.pdf",Not Eligible,Claim Exceeds Limit
C1711,P1711,Anthony Jones,9199,"ID.pdf, ClaimForm.pdf",Not Eligible,Claim Exceeds Limit
C1712,P1712,Stephanie Elliott,9917,"Bill.pdf, ID.pdf",Not Eligible,Missing Required Documents
C1713,P1713,Timothy Edwards,7664,"ID.pdf, ClaimForm.pdf, Bill.pdf",Not Eligible,Policy Inactive
C1714,P1714,Laurie Goodwin,5988,"ID.pdf, ClaimForm.pdf",Not Eligible,Missing Required Documents
C1715,P1715,Jennifer Jones,17920,"ID.pdf, Bill.pdf, ClaimForm.pdf",Not Eligible,Claim Exceeds Limit
C1716,P1716,David Davenport,8253,"ClaimForm.pdf, Bill.pdf",Not Eligible,Missing Required Documents
C1717,P1717,Steven Rivera,20529,"ClaimForm.pdf, Bill.pdf",Not Eligible,Policy Inactive
C1718,P1718,Brenda Hinton,12244,"ClaimForm.pdf, ID.pdf, Bill.pdf",Eligible,All Checks Passed
C1719,P1719,Kathryn Mccann,6814,"ClaimForm.pdf, Bill.pdf",Not Eligible,Missing Required Documents
C1720,P1720,Jeffrey Roberson,11086,"ID.pdf, Bill.pdf",Not Eligible,Claim Exceeds Limit
C1721,P1721,Randy Friedman,8104,"ID.pdf, Bill.pdf, ClaimForm.pdf",Eligible,All Checks Passed
C1722,P1722,Raymond Johnson,13821,"ClaimForm.pdf, Bill.pdf",Not Eligible,Missing Required Documents
C1723,P1723,Willie Henry,11732,"ClaimForm.pdf, ID.pdf, Bill.pdf",Eligible,All Checks Passed
C1724,P1724,Todd Reynolds,9297,"ID.pdf, ClaimForm.pdf, Bill.pdf",Eligible,All Checks Passed
C1725,P1725,Mary Miller,7078,"ID.pdf, ClaimForm.pdf, Bill.pdf",Not Eligible,Claim Exceeds Limit
C1726,P1726,Rebecca Marquez,9526,"Bill.pdf, ClaimForm.pdf, ID.pdf",Eligible,All Checks Passed
C1727,P1727,Christian Dawson,10746,"Bill.pdf, ID.pdf, ClaimForm.pdf",Eligible,All Checks Passed
C1728,P1728,Nancy Stewart,8197,"Bill.pdf, ClaimForm.pdf",Not Eligible,Policy Inactive
C1729,P1729,Aaron Parker,11300,"Bill.pdf, ID.pdf, ClaimForm.pdf",Not Eligible,Policy Inactive
C1730,P1730,Derrick Anderson,8905,"Bill.pdf, ClaimForm.pdf",Not Eligible,Missing Required Documents
C1731,P1731,Jerry Peters,6700,"Bill.pdf, ID.pdf",Not Eligible,Missing Required Documents
C1732,P1732,Alexander Gomez,8316,"ClaimForm.pdf, ID.pdf",Not Eligible,Policy Inactive
C1733,P1733,Kyle Nguyen,12579,"ID.pdf, ClaimForm.pdf",Not Eligible,Claim Exceeds Limit
C1734,P1734,Edgar Hughes,3146,"Bill.pdf, ID.pdf",Not Eligible,Missing Required Documents
C1735,P1735,Steven Stein,14278,"ID.pdf, ClaimForm.pdf",Not Eligible,Policy Inactive
C1736,P1736,Laura Jackson,11150,"ID.pdf, ClaimForm.pdf",Not Eligible,Missing Required Documents
C1737,P1737,Charles Turner,14089,"ClaimForm.pdf, ID.pdf",Not Eligible,Missing Required Documents
C1738,P1738,Arthur Hamilton MD,5521,"ClaimForm.pdf, ID.pdf",Not Eligible,Missing Required Documents
C1739,P1739,Mr. David Wright,4906,"Bill.pdf, ID.pdf, ClaimForm.pdf",Eligible,All Checks Passed
C1740,P1740,Linda Gonzalez,15012,"ClaimForm.pdf, ID.pdf",Not Eligible,Claim Exceeds Limit
C1741,P1741,Eric Rush,8868,"ID.pdf, ClaimForm.pdf",Not Eligible,Missing Required Documents
C1742,P1742,Manuel Brock,10951,"Bill.pdf, ID.pdf, ClaimForm.pdf",Not Eligible,Claim Exceeds Limit
C1743,P1743,George Ochoa,9218,"Bill.pdf, ID.pdf",Not Eligible,Missing Required Documents
C1744,P1744,Valerie Taylor,8303,"ID.pdf, ClaimForm.pdf, Bill.pdf",Eligible,All Checks Passed
C1745,P1745,Travis Harris,20404,"ID.pdf, Bill.pdf",Not Eligible,Claim Exceeds Limit
C1746,P1746,Vincent Novak,7314,"ID.pdf, ClaimForm.pdf, Bill.pdf",Eligible,All Checks Passed
C1747,P1747,Michael Henry,9010,"ClaimForm.pdf, ID.pdf",Not Eligible,Claim Exceeds Limit
C1748,P1748,Dana Bennett,13161,"ID.pdf, ClaimForm.pdf",Not Eligible,Claim Exceeds Limit
C1749,P1749,Jenna Wilson,13785,"ClaimForm.pdf, ID.pdf, Bill.pdf",Not Eligible,Claim Exceeds Limit
C1750,P1750,Leslie Gardner,13044,"ID.pdf, Bill.pdf, ClaimForm.pdf",Not Eligible,Claim Exceeds Limit
C1751,P1751,Krista Benton,4809,"Bill.pdf, ClaimForm.pdf",Not Eligible,Missing Required Documents
C1752,P1752,Michael Gonzales,3717,"ClaimForm.pdf, Bill.pdf",Not Eligible,Missing Required Documents
C1753,P1753,Michael Fuentes,6310,"ID.pdf, ClaimForm.pdf",Not Eligible,Missing Required Documents
C1754,P1754,Jennifer Porter,6235,"Bill.pdf, ID.pdf",Not Eligible,Missing Required Documents
C1755,P1755,Dana Hopkins,13779,"Bill.pdf, ID.pdf, ClaimForm.pdf",Not Eligible,Claim Exceeds Limit
C1756,P1756,Rachel Jones,6001,"Bill.pdf, ClaimForm.pdf",Not Eligible,Claim Exceeds Limit
C1757,P1757,Karen Morales DDS,3428,"Bill.pdf, ID.pdf",Not Eligible,Missing Required Documents
C1758,P1758,Melissa Stephens,4310,"Bill.pdf, ClaimForm.pdf, ID.pdf",Eligible,All Checks Passed
C1759,P1759,Heather Woodard,12142,"ID.pdf, ClaimForm.pdf, Bill.pdf",Not Eligible,Claim Exceeds Limit
C1760,P1760,Margaret Miller,20334,"Bill.pdf, ClaimForm.pdf",Not Eligible,Claim Exceeds Limit
C1761,P1761,Mary Kelly,7979,"ClaimForm.pdf, Bill.pdf",Not Eligible,Missing Required Documents
C1762,P1762,Amanda Terrell,4658,"Bill.pdf, ID.pdf",Not Eligible,Missing Required Documents
C1763,P1763,Jennifer Goodwin,6104,"Bill.pdf, ClaimForm.pdf",Not Eligible,Missing Required Documents
C1764,P1764,Jessica Smith,12339,"Bill.pdf, ID.pdf",Not Eligible,Missing Required Documents
C1765,P1765,Jorge Stone,15224,"Bill.pdf, ID.pdf",Not Eligible,Claim Exceeds Limit
C1766,P1766,Laura Griffin,18031,"ClaimForm.pdf, Bill.pdf, ID.pdf",Not Eligible,Claim Exceeds Limit
C1767,P1767,Raymond Chapman,7505,"Bill.pdf, ID.pdf, ClaimForm.pdf",Not Eligible,Policy Inactive
C1768,P1768,Haley Johnson,20494,"ID.pdf, Bill.pdf, ClaimForm.pdf",Not Eligible,Claim Exceeds Limit
C1769,P1769,Jason Nixon,9921,"ID.pdf, Bill.pdf, ClaimForm.pdf",Not Eligible,Claim Exceeds Limit
C1770,P1770,Todd Thomas,6943,"ID.pdf, Bill.pdf",Not Eligible,Claim Exceeds Limit
C1771,P1771,Jesse Clark,14796,"ID.pdf, Bill.pdf, ClaimForm.pdf",Not Eligible,Policy Inactive
C1772,P1772,Mr. Jeffrey Horton,14899,"ID.pdf, ClaimForm.pdf",Not Eligible,Claim Exceeds Limit
C1773,P1773,Eric Patrick,11480,"ID.pdf, ClaimForm.pdf",Not Eligible,Missing Required Documents
C1774,P1774,Samuel Wong,7920,"ClaimForm.pdf, ID.pdf",Not Eligible,Missing Required Documents
C1775,P1775,Carly Riggs,3355,"Bill.pdf, ClaimForm.pdf, ID.pdf",Eligible,All Checks Passed
C1776,P1776,Christopher Moore,4236,"ID.pdf, ClaimForm.pdf, Bill.pdf",Eligible,All Checks Passed
C1777,P1777,Tina Hall,11683,"Bill.pdf, ClaimForm.pdf, ID.pdf",Eligible,All Checks Passed
C1778,P1778,Cody Davidson,7198,"ClaimForm.pdf, ID.pdf, Bill.pdf",Not Eligible,Policy Inactive
C1779,P1779,Allen Mendez,4264,"ID.pdf, ClaimForm.pdf, Bill.pdf",Eligible,All Checks Passed
C1780,P1780,Kevin Price,6124,"ClaimForm.pdf, ID.pdf, Bill.pdf",Eligible,All Checks Passed
C1781,P1781,Christine Goodwin,3916,"ID.pdf, Bill.pdf, ClaimForm.pdf",Eligible,All Checks Passed
C1782,P1782,Amy Garcia,4974,"Bill.pdf, ClaimForm.pdf",Not Eligible,Missing Required Documents
C1783,P1783,Chelsea Nguyen,13385,"ClaimForm.pdf, ID.pdf, Bill.pdf",Not Eligible,Claim Exceeds Limit
C1784,P1784,Dennis Huffman,8231,"ID.pdf, ClaimForm.pdf",Not Eligible,Claim Exceeds Limit
C1785,P1785,Margaret Harper,8019,"Bill.pdf, ID.pdf",Not Eligible,Missing Required Documents
C1786,P1786,Laurie Bailey,10300,"ClaimForm.pdf, ID.pdf",Not Eligible,Missing Required Documents
C1787,P1787,Lisa Cervantes,12495,"ClaimForm.pdf, Bill.pdf, ID.pdf",Eligible,All Checks Passed
C1788,P1788,Elizabeth Mendez,5704,"Bill.pdf, ClaimForm.pdf, ID.pdf",Eligible,All Checks Passed
C1789,P1789,Cesar Wilson,11603,"ID.pdf, Bill.pdf",Not Eligible,Policy Inactive
C1790,P1790,Clayton Steele,5136,"ID.pdf, ClaimForm.pdf",Not Eligible,Policy Inactive
C1791,P1791,Jennifer Taylor,10993,"Bill.pdf, ClaimForm.pdf, ID.pdf",Not Eligible,Claim Exceeds Limit
C1792,P1792,Cody Reid,10940,"ID.pdf, Bill.pdf",Not Eligible,Missing Required Documents
C1793,P1793,Maria Cooke,13597,"ClaimForm.pdf, ID.pdf",Not Eligible,Missing Required Documents
C1794,P1794,Katherine Taylor,9939,"ID.pdf, ClaimForm.pdf, Bill.pdf",Not Eligible,Claim Exceeds Limit
C1795,P1795,Jerry Brown,14289,"ID.pdf, ClaimForm.pdf",Not Eligible,Policy Inactive
C1796,P1796,Adam Taylor,14459,"Bill.pdf, ClaimForm.pdf, ID.pdf",Eligible,All Checks Passed
C1797,P1797,Tracey Wagner,4470,"ClaimForm.pdf, ID.pdf",Not Eligible,Missing Required Documents
C1798,P1798,Michael Perry PhD,8111,"ClaimForm.pdf, Bill.pdf",Not Eligible,Missing Required Documents
C1799,P1799,Bradley Johnson DDS,10964,"ID.pdf, ClaimForm.pdf",Not Eligible,Missing Required Documents
C1800,P1800,Donald Medina,8624,"ID.pdf, Bill.pdf",Not Eligible,Policy Inactive
C1801,P1801,Jim Newton,18439,"ID.pdf, ClaimForm.pdf",Not Eligible,Policy Inactive
C1802,P1802,Krista Wilson,15124,"ClaimForm.pdf, ID.pdf",Not Eligible,Claim Exceeds Limit
C1803,P1803,Reginald Morrow,11991,"Bill.pdf, ClaimForm.pdf, ID.pdf",Eligible,All Checks Passed
C1804,P1804,Rodney Williams,15340,"ID.pdf, ClaimForm.pdf",Not Eligible,Missing Required Documents
C1805,P1805,Kimberly Fritz,3492,"ClaimForm.pdf, ID.pdf, Bill.pdf",Eligible,All Checks Passed
C1806,P1806,Ronald Potter,10617,"ClaimForm.pdf, ID.pdf",Not Eligible,Claim Exceeds Limit
C1807,P1807,Zachary Cole,13819,"Bill.pdf, ID.pdf, ClaimForm.pdf",Not Eligible,Claim Exceeds Limit
C1808,P1808,Robert Gonzales,3312,"Bill.pdf, ID.pdf, ClaimForm.pdf",Eligible,All Checks Passed
C1809,P1809,Patricia Young PhD,9237,"ID.pdf, Bill.pdf",Not Eligible,Policy Inactive
C1810,P1810,Heather Page,22565,"ClaimForm.pdf, Bill.pdf",Not Eligible,Claim Exceeds Limit
C1811,P1811,Carol Taylor,19405,"Bill.pdf, ClaimForm.pdf, ID.pdf",Not Eligible,Claim Exceeds Limit
C1812,P1812,Daniel Brown,7053,"ID.pdf, Bill.pdf, ClaimForm.pdf",Eligible,All Checks Passed
C1813,P1813,Douglas Ryan,8144,"ID.pdf, Bill.pdf",Not Eligible,Missing Required Documents
C1814,P1814,Michael Roberts,5911,"ClaimForm.pdf, ID.pdf, Bill.pdf",Not Eligible,Claim Exceeds Limit
C1815,P1815,Scott Duke,11443,"ClaimForm.pdf, ID.pdf, Bill.pdf",Eligible,All Checks Passed
C1816,P1816,Anna Estes,5485,"ID.pdf, ClaimForm.pdf, Bill.pdf",Eligible,All Checks Passed
C1817,P1817,Tamara Riddle,14958,"Bill.pdf, ClaimForm.pdf, ID.pdf",Not Eligible,Claim Exceeds Limit
C1818,P1818,Beth Cline,4969,"ID.pdf, Bill.pdf",Not Eligible,Missing Required Documents
C1819,P1819,Michael Poole,22836,"ID.pdf, ClaimForm.pdf, Bill.pdf",Not Eligible,Claim Exceeds Limit
C1820,P1820,Megan Burns,13690,"Bill.pdf, ClaimForm.pdf",Not Eligible,Policy Inactive
C1821,P1821,Debra Perry,5262,"Bill.pdf, ClaimForm.pdf, ID.pdf",Not Eligible,Policy Inactive
C1822,P1822,Mark Beard,5378,"ID.pdf, ClaimForm.pdf",Not Eligible,Missing Required Documents
C1823,P1823,Jose Ramirez,21262,"ClaimForm.pdf, ID.pdf",Not Eligible,Claim Exceeds Limit
C1824,P1824,Jackie Clements,16754,"Bill.pdf, ClaimForm.pdf",Not Eligible,Claim Exceeds Limit
C1825,P1825,Aaron Schroeder,13442,"ID.pdf, Bill.pdf, ClaimForm.pdf",Eligible,All Checks Passed
C1826,P1826,Monica Ellis,15216,"ClaimForm.pdf, Bill.pdf, ID.pdf",Not Eligible,Claim Exceeds Limit
C1827,P1827,Heather Brown,5155,"ClaimForm.pdf, ID.pdf",Not Eligible,Policy Inactive
C1828,P1828,Claudia Jordan,12922,"Bill.pdf, ClaimForm.pdf",Not Eligible,Claim Exceeds Limit
C1829,P1829,Derrick Clayton,4891,"ID.pdf, ClaimForm.pdf",Not Eligible,Missing Required Documents
C1830,P1830,Kenneth Knight,18617,"Bill.pdf, ID.pdf",Not Eligible,Claim Exceeds Limit
C1831,P1831,Mr. Michael Williams,14665,"ClaimForm.pdf, ID.pdf, Bill.pdf",Not Eligible,Claim Exceeds Limit
C1832,P1832,Richard Stevens,18527,"ClaimForm.pdf, Bill.pdf",Not Eligible,Claim Exceeds Limit
C1833,P1833,Scott Alexander,6707,"ID.pdf, ClaimForm.pdf",Not Eligible,Missing Required Documents
C1834,P1834,Tyler Harris,11842,"ClaimForm.pdf, Bill.pdf, ID.pdf",Eligible,All Checks Passed
C1835,P1835,Bonnie Santos,5167,"ID.pdf, Bill.pdf",Not Eligible,Policy Inactive
C1836,P1836,Timothy Hill,14269,"ID.pdf, ClaimForm.pdf, Bill.pdf",Not Eligible,Policy Inactive
C1837,P1837,Danielle Watson,16266,"Bill.pdf, ID.pdf",Not Eligible,Claim Exceeds Limit
C1838,P1838,Carol Sanders,14799,"ID.pdf, ClaimForm.pdf, Bill.pdf",Not Eligible,Claim Exceeds Limit
C1839,P1839,Michael Young,17798,"ClaimForm.pdf, Bill.pdf, ID.pdf",Not Eligible,Claim Exceeds Limit
C1840,P1840,Michele Smith,15045,"Bill.pdf, ID.pdf",Not Eligible,Claim Exceeds Limit
C1841,P1841,Casey Perez,19912,"ClaimForm.pdf, ID.pdf",Not Eligible,Claim Exceeds Limit
C1842,P1842,Alexandra Dominguez,10201,"ID.pdf, Bill.pdf, ClaimForm.pdf",Not Eligible,Policy Inactive
C1843,P1843,Virginia Henderson,8455,"ID.pdf, ClaimForm.pdf, Bill.pdf",Eligible,All Checks Passed
C1844,P1844,Benjamin Reyes,18190,"ClaimForm.pdf, Bill.pdf, ID.pdf",Eligible,All Checks Passed
C1845,P1845,Ashley Edwards,20904,"ID.pdf, Bill.pdf",Not Eligible,Claim Exceeds Limit
C1846,P1846,Breanna Ayala,13599,"ClaimForm.pdf, Bill.pdf, ID.pdf",Not Eligible,Policy Inactive
C1847,P1847,Brandi Haney,22343,"ID.pdf, ClaimForm.pdf",Not Eligible,Policy Inactive
C1848,P1848,Joseph Smith,11194,"Bill.pdf, ClaimForm.pdf, ID.pdf",Eligible,All Checks Passed
C1849,P1849,Jessica Bowen,4494,"Bill.pdf, ID.pdf",Not Eligible,Missing Required Documents
C1850,P1850,Brittany Jenkins,13388,"ClaimForm.pdf, ID.pdf, Bill.pdf",Not Eligible,Claim Exceeds Limit
C1851,P1851,Shannon Miller,9204,"ClaimForm.pdf, Bill.pdf, ID.pdf",Not Eligible,Claim Exceeds Limit
C1852,P1852,Paul Lawrence,21530,"ClaimForm.pdf, Bill.pdf",Not Eligible,Claim Exceeds Limit
C1853,P1853,Victor Edwards,5930,"ID.pdf, Bill.pdf",Not Eligible,Missing Required Documents
C1854,P1854,Donald Miller,8071,"ID.pdf, ClaimForm.pdf, Bill.pdf",Not Eligible,Policy Inactive
C1855,P1855,Lindsay Lawson,7311,"ClaimForm.pdf, ID.pdf",Not Eligible,Missing Required Documents
C1856,P1856,Melissa Abbott,3200,"ID.pdf, Bill.pdf, ClaimForm.pdf",Eligible,All Checks Passed
C1857,P1857,Elizabeth Holmes,22922,"ClaimForm.pdf, Bill.pdf, ID.pdf",Not Eligible,Claim Exceeds Limit
C1858,P1858,Nicole Phillips,10434,"ID.pdf, ClaimForm.pdf, Bill.pdf",Eligible,All Checks Passed
C1859,P1859,Steven Blevins,7009,"Bill.pdf, ClaimForm.pdf, ID.pdf",Eligible,All Checks Passed
C1860,P1860,Brian Porter MD,9056,"ClaimForm.pdf, ID.pdf",Not Eligible,Policy Inactive
C1861,P1861,Vanessa Hatfield,3601,"ClaimForm.pdf, ID.pdf",Not Eligible,Missing Required Documents
C1862,P1862,Bonnie Valencia,8424,"ClaimForm.pdf, Bill.pdf",Not Eligible,Claim Exceeds Limit
C1863,P1863,Holly Vega,16662,"ClaimForm.pdf, ID.pdf",Not Eligible,Policy Inactive
C1864,P1864,Tiffany Townsend,23024,"ID.pdf, Bill.pdf",Not Eligible,Claim Exceeds Limit
C1865,P1865,Austin Baker,3587,"ID.pdf, Bill.pdf",Not Eligible,Missing Required Documents
C1866,P1866,Antonio Mccormick,9038,"ClaimForm.pdf, ID.pdf, Bill.pdf",Eligible,All Checks Passed
C1867,P1867,Lori Mason,7797,"ClaimForm.pdf, Bill.pdf, ID.pdf",Eligible,All Checks Passed
C1868,P1868,Michael Miller,13787,"Bill.pdf, ClaimForm.pdf, ID.pdf",Not Eligible,Policy Inactive
C1869,P1869,Lisa Ramirez,4906,"Bill.pdf, ClaimForm.pdf",Not Eligible,Missing Required Documents
C1870,P1870,Jorge Harris,10924,"ID.pdf, Bill.pdf, ClaimForm.pdf",Not Eligible,Claim Exceeds Limit
C1871,P1871,Kimberly Myers,11608,"ClaimForm.pdf, ID.pdf, Bill.pdf",Not Eligible,Claim Exceeds Limit
C1872,P1872,Sandra Becker,19138,"Bill.pdf, ClaimForm.pdf",Not Eligible,Policy Inactive
C1873,P1873,Michael Blair,12518,"ClaimForm.pdf, Bill.pdf",Not Eligible,Missing Required Documents
C1874,P1874,Amy Miller,3785,"Bill.pdf, ClaimForm.pdf, ID.pdf",Eligible,All Checks Passed
C1875,P1875,Jesse Lynch,16100,"ID.pdf, ClaimForm.pdf, Bill.pdf",Not Eligible,Policy Inactive
C1876,P1876,Patrick Yang,8728,"ClaimForm.pdf, Bill.pdf",Not Eligible,Missing Required Documents
C1877,P1877,Michael Miles,14305,"ID.pdf, ClaimForm.pdf, Bill.pdf",Not Eligible,Claim Exceeds Limit
C1878,P1878,Troy Mills,7919,"ClaimForm.pdf, Bill.pdf, ID.pdf",Not Eligible,Claim Exceeds Limit
C1879,P1879,Michelle Jackson,14185,"Bill.pdf, ClaimForm.pdf, ID.pdf",Not Eligible,Policy Inactive
C1880,P1880,Richard Adams,9357,"ID.pdf, Bill.pdf, ClaimForm.pdf",Eligible,All Checks Passed
C1881,P1881,Patricia Johnson,4165,"ID.pdf, ClaimForm.pdf",Not Eligible,Missing Required Documents
C1882,P1882,Denise Brown,13276,"Bill.pdf, ID.pdf, ClaimForm.pdf",Not Eligible,Claim Exceeds Limit
C1883,P1883,Laura Jones,9782,"Bill.pdf, ID.pdf",Not Eligible,Claim Exceeds Limit
C1884,P1884,Ian Porter,12256,"Bill.pdf, ClaimForm.pdf, ID.pdf",Eligible,All Checks Passed
C1885,P1885,Holly Scott,12460,"ID.pdf, ClaimForm.pdf, Bill.pdf",Not Eligible,Policy Inactive
C1886,P1886,Kenneth Sharp,7595,"ID.pdf, Bill.pdf",Not Eligible,Missing Required Documents
C1887,P1887,Jordan Williams,23529,"Bill.pdf, ID.pdf",Not Eligible,Claim Exceeds Limit
C1888,P1888,Dana Ruiz,9140,"ID.pdf, Bill.pdf",Not Eligible,Missing Required Documents
C1889,P1889,Chris Velazquez,4036,"ID.pdf, ClaimForm.pdf, Bill.pdf",Eligible,All Checks Passed
C1890,P1890,Kristen Sloan,17369,"ID.pdf, Bill.pdf",Not Eligible,Claim Exceeds Limit
C1891,P1891,Jennifer Morris,9794,"ClaimForm.pdf, ID.pdf, Bill.pdf",Not Eligible,Policy Inactive
C1892,P1892,Nathan Nelson,4838,"ClaimForm.pdf, Bill.pdf, ID.pdf",Eligible,All Checks Passed
C1893,P1893,Jake Shaw,10270,"ID.pdf, ClaimForm.pdf",Not Eligible,Claim Exceeds Limit
C1894,P1894,Cassie Brock,6116,"ID.pdf, Bill.pdf, ClaimForm.pdf",Eligible,All Checks Passed
C1895,P1895,Dr. Andrea Marshall,4173,"Bill.pdf, ClaimForm.pdf",Not Eligible,Missing Required Documents
C1896,P1896,Ryan Murphy,6361,"ID.pdf, Bill.pdf",Not Eligible,Missing Required Documents
C1897,P1897,Aimee Gonzalez,20116,"ClaimForm.pdf, ID.pdf",Not Eligible,Policy Inactive
C1898,P1898,Elizabeth Dean,3721,"ID.pdf, Bill.pdf",Not Eligible,Missing Required Documents
C1899,P1899,Kevin Snyder,3755,"Bill.pdf, ID.pdf",Not Eligible,Missing Required Documents
C1900,P1900,Christie Mccullough,3368,"Bill.pdf, ClaimForm.pdf, ID.pdf",Not Eligible,Policy Inactive
C1901,P1901,Danielle Smith,6285,"ID.pdf, Bill.pdf",Not Eligible,Missing Required Documents
C1902,P1902,David Reed,11720,"ID.pdf, ClaimForm.pdf, Bill.pdf",Eligible,All Checks Passed
C1903,P1903,Sherry Tapia,4223,"ID.pdf, ClaimForm.pdf",Not Eligible,Missing Required Documents
C1904,P1904,Matthew Sweeney,3124,"ClaimForm.pdf, ID.pdf",Not Eligible,Policy Inactive
C1905,P1905,Ashley Moreno,21001,"ID.pdf, ClaimForm.pdf, Bill.pdf",Not Eligible,Claim Exceeds Limit
C1906,P1906,Johnathan Brown,21811,"ClaimForm.pdf, Bill.pdf",Not Eligible,Claim Exceeds Limit
C1907,P1907,Michelle Davis DVM,8101,"Bill.pdf, ID.pdf, ClaimForm.pdf",Eligible,All Checks Passed
C1908,P1908,Kelly Haynes,5131,"ID.pdf, ClaimForm.pdf",Not Eligible,Missing Required Documents
C1909,P1909,William Miller,4735,"ClaimForm.pdf, Bill.pdf, ID.pdf",Eligible,All Checks Passed
C1910,P1910,Casey Wilkins,9421,"Bill.pdf, ID.pdf",Not Eligible,Missing Required Documents
C1911,P1911,Keith Graham,14653,"ID.pdf, ClaimForm.pdf, Bill.pdf",Eligible,All Checks Passed
C1912,P1912,Cynthia Green,10629,"ClaimForm.pdf, ID.pdf",Not Eligible,Claim Exceeds Limit
C1913,P1913,Robert Haynes,4593,"ID.pdf, Bill.pdf, ClaimForm.pdf",Not Eligible,Policy Inactive
C1914,P1914,Emily Nelson,4898,"ClaimForm.pdf, ID.pdf",Not Eligible,Missing Required Documents
C1915,P1915,Dale Chan,14909,"ClaimForm.pdf, ID.pdf, Bill.pdf",Not Eligible,Claim Exceeds Limit
C1916,P1916,Brittney Martin,10426,"ClaimForm.pdf, Bill.pdf, ID.pdf",Not Eligible,Claim Exceeds Limit
C1917,P1917,Jason Herrera,3924,"ID.pdf, Bill.pdf, ClaimForm.pdf",Eligible,All Checks Passed
C1918,P1918,Christine Parker,7624,"Bill.pdf, ClaimForm.pdf, ID.pdf",Eligible,All Checks Passed
C1919,P1919,Bryan Moore,9646,"ID.pdf, ClaimForm.pdf",Not Eligible,Claim Exceeds Limit
C1920,P1920,Samantha Terry,7949,"ID.pdf, Bill.pdf, ClaimForm.pdf",Not Eligible,Claim Exceeds Limit
C1921,P1921,Russell Murphy,13172,"Bill.pdf, ClaimForm.pdf",Not Eligible,Claim Exceeds Limit
C1922,P1922,David Kelly,10903,"ClaimForm.pdf, ID.pdf, Bill.pdf",Eligible,All Checks Passed
C1923,P1923,Megan Green,22364,"ID.pdf, Bill.pdf, ClaimForm.pdf",Not Eligible,Claim Exceeds Limit
C1924,P1924,Amanda Sullivan MD,5835,"Bill.pdf, ID.pdf",Not Eligible,Policy Inactive
C1925,P1925,Danielle Murray,6746,"ID.pdf, ClaimForm.pdf, Bill.pdf",Eligible,All Checks Passed
C1926,P1926,Brenda Smith,8772,"ID.pdf, ClaimForm.pdf, Bill.pdf",Eligible,All Checks Passed
C1927,P1927,Vickie Anderson,14231,"ID.pdf, Bill.pdf, ClaimForm.pdf",Not Eligible,Claim Exceeds Limit
C1928,P1928,Jacqueline Mccoy,3741,"ClaimForm.pdf, Bill.pdf",Not Eligible,Missing Required Documents
C1929,P1929,Lauren Green,9201,"Bill.pdf, ClaimForm.pdf",Not Eligible,Claim Exceeds Limit
C1930,P1930,Alison Brown,17843,"ID.pdf, Bill.pdf, ClaimForm.pdf",Not Eligible,Claim Exceeds Limit
C1931,P1931,Jill Anderson,6369,"ID.pdf, Bill.pdf, ClaimForm.pdf",Eligible,All Checks Passed
C1932,P1932,Sandra Rivera,14280,"Bill.pdf, ClaimForm.pdf",Not Eligible,Missing Required Documents
C1933,P1933,Joel Jackson,11362,"ClaimForm.pdf, ID.pdf, Bill.pdf",Not Eligible,Claim Exceeds Limit
C1934,P1934,Samantha Foster,9049,"ClaimForm.pdf, ID.pdf",Not Eligible,Missing Required Documents
C1935,P1935,Michael Thompson,6594,"ClaimForm.pdf, Bill.pdf, ID.pdf",Eligible,All Checks Passed
C1936,P1936,Cody Ramirez,22338,"Bill.pdf, ID.pdf, ClaimForm.pdf",Not Eligible,Claim Exceeds Limit
C1937,P1937,Amanda Harvey,16304,"ID.pdf, ClaimForm.pdf, Bill.pdf",Eligible,All Checks Passed
C1938,P1938,Edward Jenkins,10780,"ClaimForm.pdf, ID.pdf",Not Eligible,Claim Exceeds Limit
C1939,P1939,Amy Ramirez,9908,"ID.pdf, ClaimForm.pdf, Bill.pdf",Not Eligible,Policy Inactive
C1940,P1940,Curtis Wilkerson,17298,"ClaimForm.pdf, Bill.pdf",Not Eligible,Claim Exceeds Limit
C1941,P1941,Lydia Pham,4175,"ClaimForm.pdf, ID.pdf",Not Eligible,Missing Required Documents
C1942,P1942,Virginia Casey,10155,"ClaimForm.pdf, Bill.pdf",Not Eligible,Claim Exceeds Limit
C1943,P1943,Joshua Washington,13522,"ID.pdf, Bill.pdf, ClaimForm.pdf",Not Eligible,Policy Inactive
C1944,P1944,Kathryn Price,10444,"Bill.pdf, ID.pdf, ClaimForm.pdf",Not Eligible,Policy Inactive
C1945,P1945,Francis Robinson,14642,"ClaimForm.pdf, ID.pdf",Not Eligible,Missing Required Documents
C1946,P1946,Paula Brown,12905,"Bill.pdf, ID.pdf",Not Eligible,Claim Exceeds Limit
C1947,P1947,Kendra Wang DVM,10757,"ID.pdf, Bill.pdf, ClaimForm.pdf",Eligible,All Checks Passed
C1948,P1948,Ariel Sandoval,3620,"Bill.pdf, ID.pdf, ClaimForm.pdf",Eligible,All Checks Passed
C1949,P1949,Robert Stark,7753,"Bill.pdf, ClaimForm.pdf, ID.pdf",Not Eligible,Policy Inactive
C1950,P1950,Zachary Robinson,14963,"ID.pdf, ClaimForm.pdf, Bill.pdf",Not Eligible,Policy Inactive
C1951,P1951,Rebecca Kelly,11035,"Bill.pdf, ClaimForm.pdf, ID.pdf",Eligible,All Checks Passed
C1952,P1952,Sarah Thompson,23088,"ID.pdf, ClaimForm.pdf",Not Eligible,Claim Exceeds Limit
C1953,P1953,Renee Wolfe,10681,"Bill.pdf, ID.pdf, ClaimForm.pdf",Eligible,All Checks Passed
C1954,P1954,Alyssa Haynes,9897,"ID.pdf, Bill.pdf, ClaimForm.pdf",Not Eligible,Policy Inactive
C1955,P1955,Kristy Hart,3578,"Bill.pdf, ID.pdf, ClaimForm.pdf",Eligible,All Checks Passed
C1956,P1956,William Keith,13310,"Bill.pdf, ClaimForm.pdf, ID.pdf",Not Eligible,Claim Exceeds Limit
C1957,P1957,Eric Henry Jr.,12560,"ID.pdf, Bill.pdf",Not Eligible,Missing Required Documents
C1958,P1958,Daniel Fox,5703,"Bill.pdf, ClaimForm.pdf",Not Eligible,Missing Required Documents
C1959,P1959,Thomas Harris,16950,"ID.pdf, ClaimForm.pdf, Bill.pdf",Not Eligible,Claim Exceeds Limit
C1960,P1960,Mitchell Sellers,12018,"ClaimForm.pdf, Bill.pdf, ID.pdf",Eligible,All Checks Passed
C1961,P1961,Erica Johnson,12695,"Bill.pdf, ID.pdf",Not Eligible,Policy Inactive
C1962,P1962,Sylvia Schroeder,9058,"ID.pdf, ClaimForm.pdf",Not Eligible,Missing Required Documents
C1963,P1963,Shannon Yu,10944,"Bill.pdf, ClaimForm.pdf",Not Eligible,Claim Exceeds Limit
C1964,P1964,Tom Foster,8617,"ClaimForm.pdf, Bill.pdf",Not Eligible,Missing Required Documents
C1965,P1965,Eric Taylor,19251,"ID.pdf, ClaimForm.pdf, Bill.pdf",Not Eligible,Claim Exceeds Limit
C1966,P1966,Travis Conner,8481,"Bill.pdf, ID.pdf",Not Eligible,Missing Required Documents
C1967,P1967,Marie Thompson,3890,"ClaimForm.pdf, Bill.pdf, ID.pdf",Eligible,All Checks Passed
C1968,P1968,Melissa Mcfarland,18204,"ID.pdf, Bill.pdf, ClaimForm.pdf",Eligible,All Checks Passed
C1969,P1969,Courtney Chapman,10656,"Bill.pdf, ID.pdf, ClaimForm.pdf",Not Eligible,Policy Inactive
C1970,P1970,Eric Barker,7302,"Bill.pdf, ID.pdf",Not Eligible,Policy Inactive
C1971,P1971,Nicholas Rush,3388,"ID.pdf, Bill.pdf, ClaimForm.pdf",Eligible,All Checks Passed
C1972,P1972,Jenna Gamble,3672,"Bill.pdf, ID.pdf",Not Eligible,Policy Inactive
C1973,P1973,Amanda Guzman,10074,"ID.pdf, Bill.pdf, ClaimForm.pdf",Eligible,All Checks Passed
C1974,P1974,Tracy Walker,6220,"Bill.pdf, ID.pdf, ClaimForm.pdf",Eligible,All Checks Passed
C1975,P1975,Taylor Taylor,6961,"Bill.pdf, ID.pdf",Not Eligible,Missing Required Documents
C1976,P1976,Cynthia Haas,5947,"Bill.pdf, ClaimForm.pdf, ID.pdf",Not Eligible,Policy Inactive
C1977,P1977,Stephen Davis,5226,"ID.pdf, ClaimForm.pdf",Not Eligible,Policy Inactive
C1978,P1978,Margaret Tanner,7302,"Bill.pdf, ID.pdf",Not Eligible,Claim Exceeds Limit
C1979,P1979,Derek Wright,8759,"Bill.pdf, ID.pdf",Not Eligible,Missing Required Documents
C1980,P1980,David Rodriguez,7127,"ClaimForm.pdf, Bill.pdf",Not Eligible,Missing Required Documents
C1981,P1981,James Oconnor,13148,"ClaimForm.pdf, Bill.pdf",Not Eligible,Missing Required Documents
C1982,P1982,Stacey Snyder,4995,"ClaimForm.pdf, Bill.pdf",Not Eligible,Missing Required Documents
C1983,P1983,Joshua Garcia,9159,"ClaimForm.pdf, Bill.pdf",Not Eligible,Missing Required Documents
C1984,P1984,Sean Curtis,11301,"ID.pdf, ClaimForm.pdf, Bill.pdf",Eligible,All Checks Passed
C1985,P1985,Carla Jones,7528,"Bill.pdf, ID.pdf, ClaimForm.pdf",Not Eligible,Claim Exceeds Limit
C1986,P1986,Elizabeth Flores,5653,"ID.pdf, ClaimForm.pdf",Not Eligible,Missing Required Documents
C1987,P1987,Angela Jackson,9271,"ID.pdf, ClaimForm.pdf, Bill.pdf",Eligible,All Checks Passed
C1988,P1988,Nicholas Payne,7336,"ID.pdf, ClaimForm.pdf",Not Eligible,Claim Exceeds Limit
C1989,P1989,Anna Wheeler,11056,"Bill.pdf, ID.pdf",Not Eligible,Claim Exceeds Limit
C1990,P1990,Karen Johnson,5923,"ClaimForm.pdf, Bill.pdf, ID.pdf",Eligible,All Checks Passed
C1991,P1991,Carmen Preston,6578,"ID.pdf, Bill.pdf",Not Eligible,Policy Inactive
C1992,P1992,Brian Harris,4692,"ClaimForm.pdf, Bill.pdf",Not Eligible,Missing Required Documents
C1993,P1993,Michael Bowen,12360,"ID.pdf, ClaimForm.pdf, Bill.pdf",Not Eligible,Claim Exceeds Limit
C1994,P1994,Deborah Campbell,5438,"ClaimForm.pdf, ID.pdf",Not Eligible,Policy Inactive
C1995,P1995,Anthony Armstrong,7365,"Bill.pdf, ID.pdf",Not Eligible,Missing Required Documents
C1996,P1996,Brittany Ward,9411,"Bill.pdf, ID.pdf",Not Eligible,Claim Exceeds Limit
C1997,P1997,Edward Stanley,10833,"ID.pdf, ClaimForm.pdf, Bill.pdf",Not Eligible,Policy Inactive
C1998,P1998,Christina Johnson,3108,"Bill.pdf, ID.pdf, ClaimForm.pdf",Eligible,All Checks Passed
C1999,P1999,Edgar Miller,8880,"Bill.pdf, ID.pdf, ClaimForm.pdf",Not Eligible,Claim Exceeds Limit
C2000,P2000,Elizabeth Sanders,4808,"ID.pdf, Bill.pdf",Not Eligible,Policy Inactive
